Any,Indicador,Nom_Equipament,Valor,Notes_Dades,Notes_Equipament,Codi_Districte,Nom_Districte,Codi_Barri,Nom_Barri,Titularitat,Tipus_Us,Tipus_Equipament,Ambit,Latitud,Longitud
2024,Assistents_Activitats,Biblioteca Barceloneta - La Fraternitat,1213,,,01,Ciutat Vella,03,la Barceloneta,Ajuntament de Barcelona,Biblioteques de Barcelona,Biblioteques de Barcelona,Lletres,41.379201005,2.188854072
2024,Assistents_Activitats,Biblioteca Francesca Bonnemaison,1846,,,01,Ciutat Vella,04,"Sant Pere, Santa Caterina i la Ribera",Ajuntament de Barcelona,Biblioteques de Barcelona,Biblioteques de Barcelona,Lletres,41.386936575,2.175789976
2024,Assistents_Activitats,Biblioteca Gòtic - Andreu Nin,686,,,01,Ciutat Vella,02,el Barri Gòtic,Ajuntament de Barcelona,Biblioteques de Barcelona,Biblioteques de Barcelona,Lletres,41.378730324,2.175978504
2024,Assistents_Activitats,Biblioteca Sant Pau - Santa Creu,2154,,,01,Ciutat Vella,01,el Raval,Ajuntament de Barcelona,Biblioteques de Barcelona,Biblioteques de Barcelona,Lletres,41.381057326,2.169793857
2024,Assistents_Activitats,Biblioteca Esquerra de l'Eixample - Agustí Centelles,2753,,,02,Eixample,09,la Nova Esquerra de l'Eixample,Ajuntament de Barcelona,Biblioteques de Barcelona,Biblioteques de Barcelona,Lletres,41.3864488,2.1527896
2024,Assistents_Activitats,Biblioteca Fort Pienc - Ana M. Moix,1035,,,02,Eixample,05,el Fort Pienc,Ajuntament de Barcelona,Biblioteques de Barcelona,Biblioteques de Barcelona,Lletres,41.395555185,2.182447586
2024,Assistents_Activitats,Biblioteca Joan Miró,667,,,02,Eixample,09,la Nova Esquerra de l'Eixample,Ajuntament de Barcelona,Biblioteques de Barcelona,Biblioteques de Barcelona,Lletres,41.378816801,2.149230361
2024,Assistents_Activitats,Biblioteca Sagrada Família - J. M. Ainaud de Lasarte,1708,,,02,Eixample,06,la Sagrada Família,Ajuntament de Barcelona,Biblioteques de Barcelona,Biblioteques de Barcelona,Lletres,41.4055771,2.176118
2024,Assistents_Activitats,Biblioteca Sant Antoni - Joan Oliver,0,,,02,Eixample,10,Sant Antoni,Ajuntament de Barcelona,Biblioteques de Barcelona,Biblioteques de Barcelona,Lletres,41.377384776,2.162778079
2024,Assistents_Activitats,Biblioteca Sofia Barat,1100,,,02,Eixample,07,la Dreta de l'Eixample,Ajuntament de Barcelona,Biblioteques de Barcelona,Biblioteques de Barcelona,Lletres,41.394674294,2.17150448
2024,Assistents_Activitats,Biblioteca Jaume Fuster,8492,,,06,Gràcia,28,Vallcarca i els Penitents,Ajuntament de Barcelona,Biblioteques de Barcelona,Biblioteques de Barcelona,Lletres,41.407459888,2.149757498
2024,Assistents_Activitats,Biblioteca Vallcarca i els Penitents - M. Antonieta Cot,1987,,,06,Gràcia,28,Vallcarca i els Penitents,Ajuntament de Barcelona,Biblioteques de Barcelona,Biblioteques de Barcelona,Lletres,41.420008234,2.139657303
2024,Assistents_Activitats,Biblioteca Vila de Gràcia - Rosa M. Arquimbau,2081,,,06,Gràcia,31,la Vila de Gràcia,Ajuntament de Barcelona,Biblioteques de Barcelona,Biblioteques de Barcelona,Lletres,41.401467067,2.158213802
2024,Assistents_Activitats,Biblioteca El Carmel - Juan Marsé,3633,,,07,Horta-Guinardó,37,el Carmel,Ajuntament de Barcelona,Biblioteques de Barcelona,Biblioteques de Barcelona,Lletres,41.42110456,2.155286623
2024,Assistents_Activitats,Biblioteca Guinardó - Mercè Rodoreda,1980,,,07,Horta-Guinardó,33,el Baix Guinardó,Ajuntament de Barcelona,Biblioteques de Barcelona,Biblioteques de Barcelona,Lletres,41.414313258,2.165318095
2024,Assistents_Activitats,Biblioteca Horta - Can Mariner,3055,,,07,Horta-Guinardó,43,Horta,Ajuntament de Barcelona,Biblioteques de Barcelona,Biblioteques de Barcelona,Lletres,41.431105502,2.16073359
2024,Assistents_Activitats,Biblioteca Montbau - Albert Pérez Baró,918,,,07,Horta-Guinardó,40,Montbau,Ajuntament de Barcelona,Biblioteques de Barcelona,Biblioteques de Barcelona,Lletres,41.429553532,2.142195427
2024,Assistents_Activitats,Biblioteca Les Corts - Miquel Llongueras,1083,,,04,Les Corts,20,la Maternitat i Sant Ramon,Ajuntament de Barcelona,Biblioteques de Barcelona,Biblioteques de Barcelona,Lletres,41.37777796,2.121760828
2024,Assistents_Activitats,Biblioteca Montserrat Abelló,3460,,Biblioteca inaugurada el 26 de gener de 2018.,04,Les Corts,19,les Corts,Ajuntament de Barcelona,Biblioteques de Barcelona,Biblioteques de Barcelona,Lletres,41.383722,2.1352722
2024,Assistents_Activitats,Biblioteca Canyelles - M Àngels Rivas,533,,,08,Nou Barris,49,Canyelles,Ajuntament de Barcelona,Biblioteques de Barcelona,Biblioteques de Barcelona,Lletres,41.443773486,2.164322669
2024,Assistents_Activitats,Biblioteca Les Roquetes - Rafa Juncadella,2442,,,08,Nou Barris,50,les Roquetes,Ajuntament de Barcelona,Biblioteques de Barcelona,Biblioteques de Barcelona,Lletres,41.445371792,2.177103706
2024,Assistents_Activitats,Biblioteca Nou Barris - Aurora Díaz Plaja ,1902,,,08,Nou Barris,48,la Guineueta,Ajuntament de Barcelona,Biblioteques de Barcelona,Biblioteques de Barcelona,Lletres,41.436813681,2.171212448
2024,Assistents_Activitats,Biblioteca Vilapicina i la Torre Llobeta - Carmen Laforet,1864,,,08,Nou Barris,44,Vilapicina i la Torre Llobeta,Ajuntament de Barcelona,Biblioteques de Barcelona,Biblioteques de Barcelona,Lletres,41.426885098,2.176452383
2024,Assistents_Activitats,Biblioteca Zona Nord - Mària Sánchez,2802,,,08,Nou Barris,54,Torre Baró,Ajuntament de Barcelona,Biblioteques de Barcelona,Biblioteques de Barcelona,Lletres,41.461237425,2.179875786
2024,Assistents_Activitats,Biblioteca Bon Pastor - Josefina Castellví,3687,,,09,Sant Andreu,59,el Bon Pastor,Ajuntament de Barcelona,Biblioteques de Barcelona,Biblioteques de Barcelona,Lletres,41.435164144,2.204659876
2024,Assistents_Activitats,Biblioteca Ignasi Iglésias - Can Fabra,7239,,,09,Sant Andreu,60,Sant Andreu,Ajuntament de Barcelona,Biblioteques de Barcelona,Biblioteques de Barcelona,Lletres,41.43448145,2.190871493
2024,Assistents_Activitats,Biblioteca La Sagrera - Marina Clotet,2081,,,09,Sant Andreu,61,la Sagrera,Ajuntament de Barcelona,Biblioteques de Barcelona,Biblioteques de Barcelona,Lletres,41.425875519,2.193764263
2024,Assistents_Activitats,Biblioteca Trinitat Vella - José Barbero,1281,,,09,Sant Andreu,57,la Trinitat Vella,Ajuntament de Barcelona,Biblioteques de Barcelona,Biblioteques de Barcelona,Lletres,41.449283144,2.190748711
2024,Assistents_Activitats,Biblioteca Camp de l'Arpa - Caterina Albert,1290,,,10,Sant Martí,64,el Camp de l'Arpa del Clot,Ajuntament de Barcelona,Biblioteques de Barcelona,Biblioteques de Barcelona,Lletres,41.415766234,2.182280785
2024,Assistents_Activitats,Biblioteca El Clot - Josep Benet,1356,,,10,Sant Martí,66,el Parc i la Llacuna del Poblenou,Ajuntament de Barcelona,Biblioteques de Barcelona,Biblioteques de Barcelona,Lletres,41.4019532,2.188806
2024,Assistents_Activitats,Biblioteca Gabriel García Márquez,7255,,"Biblioteca inaugurada la primavera de 2022 en substitució de la Biblioteca Sant Martí de Provençals, tancada definitivament el desembre de 2021.",10,Sant Martí,72,Sant Martí de Provençals,Ajuntament de Barcelona,Biblioteques de Barcelona,Biblioteques de Barcelona,Lletres,41.41712,2.200328
2024,Assistents_Activitats,Biblioteca Poblenou - Manuel Arranz,888,,,10,Sant Martí,68,el Poblenou,Ajuntament de Barcelona,Biblioteques de Barcelona,Biblioteques de Barcelona,Lletres,41.401373426,2.204525705
2024,Assistents_Activitats,Biblioteca Ramon d'Alòs-Moner,543,,,10,Sant Martí,70,el Besòs i el Maresme,Ajuntament de Barcelona,Biblioteques de Barcelona,Biblioteques de Barcelona,Lletres,41.416309274,2.21148328
2024,Assistents_Activitats,Biblioteca Xavier Benguerel,1271,,,10,Sant Martí,67,la Vila Olímpica del Poblenou,Ajuntament de Barcelona,Biblioteques de Barcelona,Biblioteques de Barcelona,Lletres,41.392407385,2.197710107
2024,Assistents_Activitats,Biblioteca Francesc Candel,1653,,,03,Sants-Montjuïc,13,la Marina de Port,Ajuntament de Barcelona,Biblioteques de Barcelona,Biblioteques de Barcelona,Lletres,41.361777512,2.136276613
2024,Assistents_Activitats,Biblioteca Poble Sec - Francesc Boix,1272,,,03,Sants-Montjuïc,11,el Poble Sec,Ajuntament de Barcelona,Biblioteques de Barcelona,Biblioteques de Barcelona,Lletres,41.373921824,2.164025015
2024,Assistents_Activitats,Biblioteca Vapor Vell,1861,,,03,Sants-Montjuïc,18,Sants,Ajuntament de Barcelona,Biblioteques de Barcelona,Biblioteques de Barcelona,Lletres,41.376897256,2.134733614
2024,Assistents_Activitats,Biblioteca Clarà,802,,,05,Sarrià-Sant Gervasi,24,les Tres Torres,Ajuntament de Barcelona,Biblioteques de Barcelona,Biblioteques de Barcelona,Lletres,41.399909399,2.129455802
2024,Assistents_Activitats,Biblioteca Collserola - Josep Miracle,2280,,,05,Sarrià-Sant Gervasi,22,"Vallvidrera, el Tibidabo i les Planes",Ajuntament de Barcelona,Biblioteques de Barcelona,Biblioteques de Barcelona,Lletres,41.415359022,2.1025287
2024,Assistents_Activitats,Biblioteca Sant Gervasi - Joan Maragall,1043,,,05,Sarrià-Sant Gervasi,25,Sant Gervasi - la Bonanova,Ajuntament de Barcelona,Biblioteques de Barcelona,Biblioteques de Barcelona,Lletres,41.4059495,2.136064
2024,Assistents_Visites_Escolars,Biblioteca Barceloneta - La Fraternitat,1517,,,01,Ciutat Vella,03,la Barceloneta,Ajuntament de Barcelona,Biblioteques de Barcelona,Biblioteques de Barcelona,Lletres,41.379201005,2.188854072
2024,Assistents_Visites_Escolars,Biblioteca Francesca Bonnemaison,2187,,,01,Ciutat Vella,04,"Sant Pere, Santa Caterina i la Ribera",Ajuntament de Barcelona,Biblioteques de Barcelona,Biblioteques de Barcelona,Lletres,41.386936575,2.175789976
2024,Assistents_Visites_Escolars,Biblioteca Gòtic - Andreu Nin,2660,,,01,Ciutat Vella,02,el Barri Gòtic,Ajuntament de Barcelona,Biblioteques de Barcelona,Biblioteques de Barcelona,Lletres,41.378730324,2.175978504
2024,Assistents_Visites_Escolars,Biblioteca Sant Pau - Santa Creu,3775,,,01,Ciutat Vella,01,el Raval,Ajuntament de Barcelona,Biblioteques de Barcelona,Biblioteques de Barcelona,Lletres,41.381057326,2.169793857
2024,Assistents_Visites_Escolars,Biblioteca Esquerra de l'Eixample - Agustí Centelles,1560,,,02,Eixample,09,la Nova Esquerra de l'Eixample,Ajuntament de Barcelona,Biblioteques de Barcelona,Biblioteques de Barcelona,Lletres,41.3864488,2.1527896
2024,Assistents_Visites_Escolars,Biblioteca Fort Pienc - Ana M. Moix,1981,,,02,Eixample,05,el Fort Pienc,Ajuntament de Barcelona,Biblioteques de Barcelona,Biblioteques de Barcelona,Lletres,41.395555185,2.182447586
2024,Assistents_Visites_Escolars,Biblioteca Joan Miró,2535,,,02,Eixample,09,la Nova Esquerra de l'Eixample,Ajuntament de Barcelona,Biblioteques de Barcelona,Biblioteques de Barcelona,Lletres,41.378816801,2.149230361
2024,Assistents_Visites_Escolars,Biblioteca Sagrada Família - J. M. Ainaud de Lasarte,4194,,,02,Eixample,06,la Sagrada Família,Ajuntament de Barcelona,Biblioteques de Barcelona,Biblioteques de Barcelona,Lletres,41.4055771,2.176118
2024,Assistents_Visites_Escolars,Biblioteca Sant Antoni - Joan Oliver,0,,,02,Eixample,10,Sant Antoni,Ajuntament de Barcelona,Biblioteques de Barcelona,Biblioteques de Barcelona,Lletres,41.377384776,2.162778079
2024,Assistents_Visites_Escolars,Biblioteca Sofia Barat,1992,,,02,Eixample,07,la Dreta de l'Eixample,Ajuntament de Barcelona,Biblioteques de Barcelona,Biblioteques de Barcelona,Lletres,41.394674294,2.17150448
2024,Assistents_Visites_Escolars,Biblioteca Jaume Fuster,3750,,,06,Gràcia,28,Vallcarca i els Penitents,Ajuntament de Barcelona,Biblioteques de Barcelona,Biblioteques de Barcelona,Lletres,41.407459888,2.149757498
2024,Assistents_Visites_Escolars,Biblioteca Vallcarca i els Penitents - M. Antonieta Cot,968,,,06,Gràcia,28,Vallcarca i els Penitents,Ajuntament de Barcelona,Biblioteques de Barcelona,Biblioteques de Barcelona,Lletres,41.420008234,2.139657303
2024,Assistents_Visites_Escolars,Biblioteca Vila de Gràcia - Rosa M. Arquimbau,770,,,06,Gràcia,31,la Vila de Gràcia,Ajuntament de Barcelona,Biblioteques de Barcelona,Biblioteques de Barcelona,Lletres,41.401467067,2.158213802
2024,Assistents_Visites_Escolars,Biblioteca El Carmel - Juan Marsé,2282,,,07,Horta-Guinardó,37,el Carmel,Ajuntament de Barcelona,Biblioteques de Barcelona,Biblioteques de Barcelona,Lletres,41.42110456,2.155286623
2024,Assistents_Visites_Escolars,Biblioteca Guinardó - Mercè Rodoreda,1376,,,07,Horta-Guinardó,33,el Baix Guinardó,Ajuntament de Barcelona,Biblioteques de Barcelona,Biblioteques de Barcelona,Lletres,41.414313258,2.165318095
2024,Assistents_Visites_Escolars,Biblioteca Horta - Can Mariner,1372,,,07,Horta-Guinardó,43,Horta,Ajuntament de Barcelona,Biblioteques de Barcelona,Biblioteques de Barcelona,Lletres,41.431105502,2.16073359
2024,Assistents_Visites_Escolars,Biblioteca Montbau - Albert Pérez Baró,205,,,07,Horta-Guinardó,40,Montbau,Ajuntament de Barcelona,Biblioteques de Barcelona,Biblioteques de Barcelona,Lletres,41.429553532,2.142195427
2024,Assistents_Visites_Escolars,Biblioteca Les Corts - Miquel Llongueras,869,,,04,Les Corts,20,la Maternitat i Sant Ramon,Ajuntament de Barcelona,Biblioteques de Barcelona,Biblioteques de Barcelona,Lletres,41.37777796,2.121760828
2024,Assistents_Visites_Escolars,Biblioteca Montserrat Abelló,1870,,Biblioteca inaugurada el 26 de gener de 2018.,04,Les Corts,19,les Corts,Ajuntament de Barcelona,Biblioteques de Barcelona,Biblioteques de Barcelona,Lletres,41.383722,2.1352722
2024,Assistents_Visites_Escolars,Biblioteca Canyelles - M Àngels Rivas,596,,,08,Nou Barris,49,Canyelles,Ajuntament de Barcelona,Biblioteques de Barcelona,Biblioteques de Barcelona,Lletres,41.443773486,2.164322669
2024,Assistents_Visites_Escolars,Biblioteca Les Roquetes - Rafa Juncadella,2945,,,08,Nou Barris,50,les Roquetes,Ajuntament de Barcelona,Biblioteques de Barcelona,Biblioteques de Barcelona,Lletres,41.445371792,2.177103706
2024,Assistents_Visites_Escolars,Biblioteca Nou Barris - Aurora Díaz Plaja ,2049,,,08,Nou Barris,48,la Guineueta,Ajuntament de Barcelona,Biblioteques de Barcelona,Biblioteques de Barcelona,Lletres,41.436813681,2.171212448
2024,Assistents_Visites_Escolars,Biblioteca Vilapicina i la Torre Llobeta - Carmen Laforet,1277,,,08,Nou Barris,44,Vilapicina i la Torre Llobeta,Ajuntament de Barcelona,Biblioteques de Barcelona,Biblioteques de Barcelona,Lletres,41.426885098,2.176452383
2024,Assistents_Visites_Escolars,Biblioteca Zona Nord - Mària Sánchez,3010,,,08,Nou Barris,54,Torre Baró,Ajuntament de Barcelona,Biblioteques de Barcelona,Biblioteques de Barcelona,Lletres,41.461237425,2.179875786
2024,Assistents_Visites_Escolars,Biblioteca Bon Pastor - Josefina Castellví,4888,,,09,Sant Andreu,59,el Bon Pastor,Ajuntament de Barcelona,Biblioteques de Barcelona,Biblioteques de Barcelona,Lletres,41.435164144,2.204659876
2024,Assistents_Visites_Escolars,Biblioteca Ignasi Iglésias - Can Fabra,3116,,,09,Sant Andreu,60,Sant Andreu,Ajuntament de Barcelona,Biblioteques de Barcelona,Biblioteques de Barcelona,Lletres,41.43448145,2.190871493
2024,Assistents_Visites_Escolars,Biblioteca La Sagrera - Marina Clotet,3372,,,09,Sant Andreu,61,la Sagrera,Ajuntament de Barcelona,Biblioteques de Barcelona,Biblioteques de Barcelona,Lletres,41.425875519,2.193764263
2024,Assistents_Visites_Escolars,Biblioteca Trinitat Vella - José Barbero,1022,,,09,Sant Andreu,57,la Trinitat Vella,Ajuntament de Barcelona,Biblioteques de Barcelona,Biblioteques de Barcelona,Lletres,41.449283144,2.190748711
2024,Assistents_Visites_Escolars,Biblioteca Camp de l'Arpa - Caterina Albert,2796,,,10,Sant Martí,64,el Camp de l'Arpa del Clot,Ajuntament de Barcelona,Biblioteques de Barcelona,Biblioteques de Barcelona,Lletres,41.415766234,2.182280785
2024,Assistents_Visites_Escolars,Biblioteca El Clot - Josep Benet,1372,,,10,Sant Martí,66,el Parc i la Llacuna del Poblenou,Ajuntament de Barcelona,Biblioteques de Barcelona,Biblioteques de Barcelona,Lletres,41.4019532,2.188806
2024,Assistents_Visites_Escolars,Biblioteca Gabriel García Márquez,1933,,"Biblioteca inaugurada la primavera de 2022 en substitució de la Biblioteca Sant Martí de Provençals, tancada definitivament el desembre de 2021.",10,Sant Martí,72,Sant Martí de Provençals,Ajuntament de Barcelona,Biblioteques de Barcelona,Biblioteques de Barcelona,Lletres,41.41712,2.200328
2024,Assistents_Visites_Escolars,Biblioteca Poblenou - Manuel Arranz,2781,,,10,Sant Martí,68,el Poblenou,Ajuntament de Barcelona,Biblioteques de Barcelona,Biblioteques de Barcelona,Lletres,41.401373426,2.204525705
2024,Assistents_Visites_Escolars,Biblioteca Ramon d'Alòs-Moner,673,,,10,Sant Martí,70,el Besòs i el Maresme,Ajuntament de Barcelona,Biblioteques de Barcelona,Biblioteques de Barcelona,Lletres,41.416309274,2.21148328
2024,Assistents_Visites_Escolars,Biblioteca Xavier Benguerel,557,,,10,Sant Martí,67,la Vila Olímpica del Poblenou,Ajuntament de Barcelona,Biblioteques de Barcelona,Biblioteques de Barcelona,Lletres,41.392407385,2.197710107
2024,Assistents_Visites_Escolars,Biblioteca Francesc Candel,1898,,,03,Sants-Montjuïc,13,la Marina de Port,Ajuntament de Barcelona,Biblioteques de Barcelona,Biblioteques de Barcelona,Lletres,41.361777512,2.136276613
2024,Assistents_Visites_Escolars,Biblioteca Poble Sec - Francesc Boix,632,,,03,Sants-Montjuïc,11,el Poble Sec,Ajuntament de Barcelona,Biblioteques de Barcelona,Biblioteques de Barcelona,Lletres,41.373921824,2.164025015
2024,Assistents_Visites_Escolars,Biblioteca Vapor Vell,2167,,,03,Sants-Montjuïc,18,Sants,Ajuntament de Barcelona,Biblioteques de Barcelona,Biblioteques de Barcelona,Lletres,41.376897256,2.134733614
2024,Assistents_Visites_Escolars,Biblioteca Clarà,857,,,05,Sarrià-Sant Gervasi,24,les Tres Torres,Ajuntament de Barcelona,Biblioteques de Barcelona,Biblioteques de Barcelona,Lletres,41.399909399,2.129455802
2024,Assistents_Visites_Escolars,Biblioteca Collserola - Josep Miracle,658,,,05,Sarrià-Sant Gervasi,22,"Vallvidrera, el Tibidabo i les Planes",Ajuntament de Barcelona,Biblioteques de Barcelona,Biblioteques de Barcelona,Lletres,41.415359022,2.1025287
2024,Assistents_Visites_Escolars,Biblioteca Sant Gervasi - Joan Maragall,1136,,,05,Sarrià-Sant Gervasi,25,Sant Gervasi - la Bonanova,Ajuntament de Barcelona,Biblioteques de Barcelona,Biblioteques de Barcelona,Lletres,41.4059495,2.136064
2024,Fons_Documentals,Biblioteca Barceloneta - La Fraternitat,39504,,,01,Ciutat Vella,03,la Barceloneta,Ajuntament de Barcelona,Biblioteques de Barcelona,Biblioteques de Barcelona,Lletres,41.379201005,2.188854072
2024,Fons_Documentals,Biblioteca Francesca Bonnemaison,72539,,,01,Ciutat Vella,04,"Sant Pere, Santa Caterina i la Ribera",Ajuntament de Barcelona,Biblioteques de Barcelona,Biblioteques de Barcelona,Lletres,41.386936575,2.175789976
2024,Fons_Documentals,Biblioteca Gòtic - Andreu Nin,36881,,,01,Ciutat Vella,02,el Barri Gòtic,Ajuntament de Barcelona,Biblioteques de Barcelona,Biblioteques de Barcelona,Lletres,41.378730324,2.175978504
2024,Fons_Documentals,Biblioteca Sant Pau - Santa Creu,48999,,,01,Ciutat Vella,01,el Raval,Ajuntament de Barcelona,Biblioteques de Barcelona,Biblioteques de Barcelona,Lletres,41.381057326,2.169793857
2024,Fons_Documentals,Biblioteca Esquerra de l'Eixample - Agustí Centelles,89179,,,02,Eixample,09,la Nova Esquerra de l'Eixample,Ajuntament de Barcelona,Biblioteques de Barcelona,Biblioteques de Barcelona,Lletres,41.3864488,2.1527896
2024,Fons_Documentals,Biblioteca Fort Pienc - Ana M. Moix,52332,,,02,Eixample,05,el Fort Pienc,Ajuntament de Barcelona,Biblioteques de Barcelona,Biblioteques de Barcelona,Lletres,41.395555185,2.182447586
2024,Fons_Documentals,Biblioteca Joan Miró,56126,,,02,Eixample,09,la Nova Esquerra de l'Eixample,Ajuntament de Barcelona,Biblioteques de Barcelona,Biblioteques de Barcelona,Lletres,41.378816801,2.149230361
2024,Fons_Documentals,Biblioteca Sagrada Família - J. M. Ainaud de Lasarte,88275,,,02,Eixample,06,la Sagrada Família,Ajuntament de Barcelona,Biblioteques de Barcelona,Biblioteques de Barcelona,Lletres,41.4055771,2.176118
2024,Fons_Documentals,Biblioteca Sant Antoni - Joan Oliver,35329,,,02,Eixample,10,Sant Antoni,Ajuntament de Barcelona,Biblioteques de Barcelona,Biblioteques de Barcelona,Lletres,41.377384776,2.162778079
2024,Fons_Documentals,Biblioteca Sofia Barat,31848,,,02,Eixample,07,la Dreta de l'Eixample,Ajuntament de Barcelona,Biblioteques de Barcelona,Biblioteques de Barcelona,Lletres,41.394674294,2.17150448
2024,Fons_Documentals,Biblioteca Jaume Fuster,113216,,,06,Gràcia,28,Vallcarca i els Penitents,Ajuntament de Barcelona,Biblioteques de Barcelona,Biblioteques de Barcelona,Lletres,41.407459888,2.149757498
2024,Fons_Documentals,Biblioteca Vallcarca i els Penitents - M. Antonieta Cot,40498,,,06,Gràcia,28,Vallcarca i els Penitents,Ajuntament de Barcelona,Biblioteques de Barcelona,Biblioteques de Barcelona,Lletres,41.420008234,2.139657303
2024,Fons_Documentals,Biblioteca Vila de Gràcia - Rosa M. Arquimbau,45543,,,06,Gràcia,31,la Vila de Gràcia,Ajuntament de Barcelona,Biblioteques de Barcelona,Biblioteques de Barcelona,Lletres,41.401467067,2.158213802
2024,Fons_Documentals,Biblioteca El Carmel - Juan Marsé,80497,,,07,Horta-Guinardó,37,el Carmel,Ajuntament de Barcelona,Biblioteques de Barcelona,Biblioteques de Barcelona,Lletres,41.42110456,2.155286623
2024,Fons_Documentals,Biblioteca Guinardó - Mercè Rodoreda,83151,,,07,Horta-Guinardó,33,el Baix Guinardó,Ajuntament de Barcelona,Biblioteques de Barcelona,Biblioteques de Barcelona,Lletres,41.414313258,2.165318095
2024,Fons_Documentals,Biblioteca Horta - Can Mariner,57654,,,07,Horta-Guinardó,43,Horta,Ajuntament de Barcelona,Biblioteques de Barcelona,Biblioteques de Barcelona,Lletres,41.431105502,2.16073359
2024,Fons_Documentals,Biblioteca Montbau - Albert Pérez Baró,31679,,,07,Horta-Guinardó,40,Montbau,Ajuntament de Barcelona,Biblioteques de Barcelona,Biblioteques de Barcelona,Lletres,41.429553532,2.142195427
2024,Fons_Documentals,Biblioteca Les Corts - Miquel Llongueras,46117,,,04,Les Corts,20,la Maternitat i Sant Ramon,Ajuntament de Barcelona,Biblioteques de Barcelona,Biblioteques de Barcelona,Lletres,41.37777796,2.121760828
2024,Fons_Documentals,Biblioteca Montserrat Abelló,64006,,Biblioteca inaugurada el 26 de gener de 2018.,04,Les Corts,19,les Corts,Ajuntament de Barcelona,Biblioteques de Barcelona,Biblioteques de Barcelona,Lletres,41.383722,2.1352722
2024,Fons_Documentals,Biblioteca Canyelles - M Àngels Rivas,29135,,,08,Nou Barris,49,Canyelles,Ajuntament de Barcelona,Biblioteques de Barcelona,Biblioteques de Barcelona,Lletres,41.443773486,2.164322669
2024,Fons_Documentals,Biblioteca Les Roquetes - Rafa Juncadella,38688,,,08,Nou Barris,50,les Roquetes,Ajuntament de Barcelona,Biblioteques de Barcelona,Biblioteques de Barcelona,Lletres,41.445371792,2.177103706
2024,Fons_Documentals,Biblioteca Nou Barris - Aurora Díaz Plaja ,67169,,,08,Nou Barris,48,la Guineueta,Ajuntament de Barcelona,Biblioteques de Barcelona,Biblioteques de Barcelona,Lletres,41.436813681,2.171212448
2024,Fons_Documentals,Biblioteca Vilapicina i la Torre Llobeta - Carmen Laforet,48227,,,08,Nou Barris,44,Vilapicina i la Torre Llobeta,Ajuntament de Barcelona,Biblioteques de Barcelona,Biblioteques de Barcelona,Lletres,41.426885098,2.176452383
2024,Fons_Documentals,Biblioteca Zona Nord - Mària Sánchez,38539,,,08,Nou Barris,54,Torre Baró,Ajuntament de Barcelona,Biblioteques de Barcelona,Biblioteques de Barcelona,Lletres,41.461237425,2.179875786
2024,Fons_Documentals,Biblioteca Bon Pastor - Josefina Castellví,44111,,,09,Sant Andreu,59,el Bon Pastor,Ajuntament de Barcelona,Biblioteques de Barcelona,Biblioteques de Barcelona,Lletres,41.435164144,2.204659876
2024,Fons_Documentals,Biblioteca Ignasi Iglésias - Can Fabra,130321,,,09,Sant Andreu,60,Sant Andreu,Ajuntament de Barcelona,Biblioteques de Barcelona,Biblioteques de Barcelona,Lletres,41.43448145,2.190871493
2024,Fons_Documentals,Biblioteca La Sagrera - Marina Clotet,39944,,,09,Sant Andreu,61,la Sagrera,Ajuntament de Barcelona,Biblioteques de Barcelona,Biblioteques de Barcelona,Lletres,41.425875519,2.193764263
2024,Fons_Documentals,Biblioteca Trinitat Vella - José Barbero,24500,,,09,Sant Andreu,57,la Trinitat Vella,Ajuntament de Barcelona,Biblioteques de Barcelona,Biblioteques de Barcelona,Lletres,41.449283144,2.190748711
2024,Fons_Documentals,Biblioteca Camp de l'Arpa - Caterina Albert,58871,,,10,Sant Martí,64,el Camp de l'Arpa del Clot,Ajuntament de Barcelona,Biblioteques de Barcelona,Biblioteques de Barcelona,Lletres,41.415766234,2.182280785
2024,Fons_Documentals,Biblioteca El Clot - Josep Benet,50933,,,10,Sant Martí,66,el Parc i la Llacuna del Poblenou,Ajuntament de Barcelona,Biblioteques de Barcelona,Biblioteques de Barcelona,Lletres,41.4019532,2.188806
2024,Fons_Documentals,Biblioteca Gabriel García Márquez,47984,,"Biblioteca inaugurada la primavera de 2022 en substitució de la Biblioteca Sant Martí de Provençals, tancada definitivament el desembre de 2021.",10,Sant Martí,72,Sant Martí de Provençals,Ajuntament de Barcelona,Biblioteques de Barcelona,Biblioteques de Barcelona,Lletres,41.41712,2.200328
2024,Fons_Documentals,Biblioteca Poblenou - Manuel Arranz,54607,,,10,Sant Martí,68,el Poblenou,Ajuntament de Barcelona,Biblioteques de Barcelona,Biblioteques de Barcelona,Lletres,41.401373426,2.204525705
2024,Fons_Documentals,Biblioteca Ramon d'Alòs-Moner,32976,,,10,Sant Martí,70,el Besòs i el Maresme,Ajuntament de Barcelona,Biblioteques de Barcelona,Biblioteques de Barcelona,Lletres,41.416309274,2.21148328
2024,Fons_Documentals,Biblioteca Xavier Benguerel,109997,,,10,Sant Martí,67,la Vila Olímpica del Poblenou,Ajuntament de Barcelona,Biblioteques de Barcelona,Biblioteques de Barcelona,Lletres,41.392407385,2.197710107
2024,Fons_Documentals,Biblioteca Francesc Candel,55226,,,03,Sants-Montjuïc,13,la Marina de Port,Ajuntament de Barcelona,Biblioteques de Barcelona,Biblioteques de Barcelona,Lletres,41.361777512,2.136276613
2024,Fons_Documentals,Biblioteca Poble Sec - Francesc Boix,36441,,,03,Sants-Montjuïc,11,el Poble Sec,Ajuntament de Barcelona,Biblioteques de Barcelona,Biblioteques de Barcelona,Lletres,41.373921824,2.164025015
2024,Fons_Documentals,Biblioteca Vapor Vell,116260,,,03,Sants-Montjuïc,18,Sants,Ajuntament de Barcelona,Biblioteques de Barcelona,Biblioteques de Barcelona,Lletres,41.376897256,2.134733614
2024,Fons_Documentals,Biblioteca Clarà,40084,,,05,Sarrià-Sant Gervasi,24,les Tres Torres,Ajuntament de Barcelona,Biblioteques de Barcelona,Biblioteques de Barcelona,Lletres,41.399909399,2.129455802
2024,Fons_Documentals,Biblioteca Collserola - Josep Miracle,22331,,,05,Sarrià-Sant Gervasi,22,"Vallvidrera, el Tibidabo i les Planes",Ajuntament de Barcelona,Biblioteques de Barcelona,Biblioteques de Barcelona,Lletres,41.415359022,2.1025287
2024,Fons_Documentals,Biblioteca Sant Gervasi - Joan Maragall,70158,,,05,Sarrià-Sant Gervasi,25,Sant Gervasi - la Bonanova,Ajuntament de Barcelona,Biblioteques de Barcelona,Biblioteques de Barcelona,Lletres,41.4059495,2.136064
2024,Metres_Quadrats,Biblioteca Barceloneta - La Fraternitat,836,,,01,Ciutat Vella,03,la Barceloneta,Ajuntament de Barcelona,Biblioteques de Barcelona,Biblioteques de Barcelona,Lletres,41.379201005,2.188854072
2024,Metres_Quadrats,Biblioteca Francesca Bonnemaison,1663,,,01,Ciutat Vella,04,"Sant Pere, Santa Caterina i la Ribera",Ajuntament de Barcelona,Biblioteques de Barcelona,Biblioteques de Barcelona,Lletres,41.386936575,2.175789976
2024,Metres_Quadrats,Biblioteca Gòtic - Andreu Nin,994,,,01,Ciutat Vella,02,el Barri Gòtic,Ajuntament de Barcelona,Biblioteques de Barcelona,Biblioteques de Barcelona,Lletres,41.378730324,2.175978504
2024,Metres_Quadrats,Biblioteca Sant Pau - Santa Creu,1040,,,01,Ciutat Vella,01,el Raval,Ajuntament de Barcelona,Biblioteques de Barcelona,Biblioteques de Barcelona,Lletres,41.381057326,2.169793857
2024,Metres_Quadrats,Biblioteca Esquerra de l'Eixample - Agustí Centelles,3097,,,02,Eixample,09,la Nova Esquerra de l'Eixample,Ajuntament de Barcelona,Biblioteques de Barcelona,Biblioteques de Barcelona,Lletres,41.3864488,2.1527896
2024,Metres_Quadrats,Biblioteca Fort Pienc - Ana M. Moix,1091,,,02,Eixample,05,el Fort Pienc,Ajuntament de Barcelona,Biblioteques de Barcelona,Biblioteques de Barcelona,Lletres,41.395555185,2.182447586
2024,Metres_Quadrats,Biblioteca Joan Miró,1072,,,02,Eixample,09,la Nova Esquerra de l'Eixample,Ajuntament de Barcelona,Biblioteques de Barcelona,Biblioteques de Barcelona,Lletres,41.378816801,2.149230361
2024,Metres_Quadrats,Biblioteca Sagrada Família - J. M. Ainaud de Lasarte,2641,,,02,Eixample,06,la Sagrada Família,Ajuntament de Barcelona,Biblioteques de Barcelona,Biblioteques de Barcelona,Lletres,41.4055771,2.176118
2024,Metres_Quadrats,Biblioteca Sant Antoni - Joan Oliver,1480,,,02,Eixample,10,Sant Antoni,Ajuntament de Barcelona,Biblioteques de Barcelona,Biblioteques de Barcelona,Lletres,41.377384776,2.162778079
2024,Metres_Quadrats,Biblioteca Sofia Barat,535,,,02,Eixample,07,la Dreta de l'Eixample,Ajuntament de Barcelona,Biblioteques de Barcelona,Biblioteques de Barcelona,Lletres,41.394674294,2.17150448
2024,Metres_Quadrats,Biblioteca Jaume Fuster,4400,,,06,Gràcia,28,Vallcarca i els Penitents,Ajuntament de Barcelona,Biblioteques de Barcelona,Biblioteques de Barcelona,Lletres,41.407459888,2.149757498
2024,Metres_Quadrats,Biblioteca Vallcarca i els Penitents - M. Antonieta Cot,1225,,,06,Gràcia,28,Vallcarca i els Penitents,Ajuntament de Barcelona,Biblioteques de Barcelona,Biblioteques de Barcelona,Lletres,41.420008234,2.139657303
2024,Metres_Quadrats,Biblioteca Vila de Gràcia - Rosa M. Arquimbau,1029,,,06,Gràcia,31,la Vila de Gràcia,Ajuntament de Barcelona,Biblioteques de Barcelona,Biblioteques de Barcelona,Lletres,41.401467067,2.158213802
2024,Metres_Quadrats,Biblioteca El Carmel - Juan Marsé,2392,,,07,Horta-Guinardó,37,el Carmel,Ajuntament de Barcelona,Biblioteques de Barcelona,Biblioteques de Barcelona,Lletres,41.42110456,2.155286623
2024,Metres_Quadrats,Biblioteca Guinardó - Mercè Rodoreda,2060,,,07,Horta-Guinardó,33,el Baix Guinardó,Ajuntament de Barcelona,Biblioteques de Barcelona,Biblioteques de Barcelona,Lletres,41.414313258,2.165318095
2024,Metres_Quadrats,Biblioteca Horta - Can Mariner,1702,,,07,Horta-Guinardó,43,Horta,Ajuntament de Barcelona,Biblioteques de Barcelona,Biblioteques de Barcelona,Lletres,41.431105502,2.16073359
2024,Metres_Quadrats,Biblioteca Montbau - Albert Pérez Baró,753,,,07,Horta-Guinardó,40,Montbau,Ajuntament de Barcelona,Biblioteques de Barcelona,Biblioteques de Barcelona,Lletres,41.429553532,2.142195427
2024,Metres_Quadrats,Biblioteca Les Corts - Miquel Llongueras,1442,,,04,Les Corts,20,la Maternitat i Sant Ramon,Ajuntament de Barcelona,Biblioteques de Barcelona,Biblioteques de Barcelona,Lletres,41.37777796,2.121760828
2024,Metres_Quadrats,Biblioteca Montserrat Abelló,3300,,Biblioteca inaugurada el 26 de gener de 2018.,04,Les Corts,19,les Corts,Ajuntament de Barcelona,Biblioteques de Barcelona,Biblioteques de Barcelona,Lletres,41.383722,2.1352722
2024,Metres_Quadrats,Biblioteca Canyelles - M Àngels Rivas,450,,,08,Nou Barris,49,Canyelles,Ajuntament de Barcelona,Biblioteques de Barcelona,Biblioteques de Barcelona,Lletres,41.443773486,2.164322669
2024,Metres_Quadrats,Biblioteca Les Roquetes - Rafa Juncadella,1194,,,08,Nou Barris,50,les Roquetes,Ajuntament de Barcelona,Biblioteques de Barcelona,Biblioteques de Barcelona,Lletres,41.445371792,2.177103706
2024,Metres_Quadrats,Biblioteca Nou Barris - Aurora Díaz Plaja ,2010,,,08,Nou Barris,48,la Guineueta,Ajuntament de Barcelona,Biblioteques de Barcelona,Biblioteques de Barcelona,Lletres,41.436813681,2.171212448
2024,Metres_Quadrats,Biblioteca Vilapicina i la Torre Llobeta - Carmen Laforet,1400,,,08,Nou Barris,44,Vilapicina i la Torre Llobeta,Ajuntament de Barcelona,Biblioteques de Barcelona,Biblioteques de Barcelona,Lletres,41.426885098,2.176452383
2024,Metres_Quadrats,Biblioteca Zona Nord - Mària Sánchez,1462,,,08,Nou Barris,54,Torre Baró,Ajuntament de Barcelona,Biblioteques de Barcelona,Biblioteques de Barcelona,Lletres,41.461237425,2.179875786
2024,Metres_Quadrats,Biblioteca Bon Pastor - Josefina Castellví,1574,,,09,Sant Andreu,59,el Bon Pastor,Ajuntament de Barcelona,Biblioteques de Barcelona,Biblioteques de Barcelona,Lletres,41.435164144,2.204659876
2024,Metres_Quadrats,Biblioteca Ignasi Iglésias - Can Fabra,3446,,,09,Sant Andreu,60,Sant Andreu,Ajuntament de Barcelona,Biblioteques de Barcelona,Biblioteques de Barcelona,Lletres,41.43448145,2.190871493
2024,Metres_Quadrats,Biblioteca La Sagrera - Marina Clotet,2212,,,09,Sant Andreu,61,la Sagrera,Ajuntament de Barcelona,Biblioteques de Barcelona,Biblioteques de Barcelona,Lletres,41.425875519,2.193764263
2024,Metres_Quadrats,Biblioteca Trinitat Vella - José Barbero,1297,,,09,Sant Andreu,57,la Trinitat Vella,Ajuntament de Barcelona,Biblioteques de Barcelona,Biblioteques de Barcelona,Lletres,41.449283144,2.190748711
2024,Metres_Quadrats,Biblioteca Camp de l'Arpa - Caterina Albert,2489,,,10,Sant Martí,64,el Camp de l'Arpa del Clot,Ajuntament de Barcelona,Biblioteques de Barcelona,Biblioteques de Barcelona,Lletres,41.415766234,2.182280785
2024,Metres_Quadrats,Biblioteca El Clot - Josep Benet,1732,,,10,Sant Martí,66,el Parc i la Llacuna del Poblenou,Ajuntament de Barcelona,Biblioteques de Barcelona,Biblioteques de Barcelona,Lletres,41.4019532,2.188806
2024,Metres_Quadrats,Biblioteca Gabriel García Márquez,3419,,"Biblioteca inaugurada la primavera de 2022 en substitució de la Biblioteca Sant Martí de Provençals, tancada definitivament el desembre de 2021.",10,Sant Martí,72,Sant Martí de Provençals,Ajuntament de Barcelona,Biblioteques de Barcelona,Biblioteques de Barcelona,Lletres,41.41712,2.200328
2024,Metres_Quadrats,Biblioteca Poblenou - Manuel Arranz,1960,,,10,Sant Martí,68,el Poblenou,Ajuntament de Barcelona,Biblioteques de Barcelona,Biblioteques de Barcelona,Lletres,41.401373426,2.204525705
2024,Metres_Quadrats,Biblioteca Ramon d'Alòs-Moner,380,,,10,Sant Martí,70,el Besòs i el Maresme,Ajuntament de Barcelona,Biblioteques de Barcelona,Biblioteques de Barcelona,Lletres,41.416309274,2.21148328
2024,Metres_Quadrats,Biblioteca Xavier Benguerel,1550,,,10,Sant Martí,67,la Vila Olímpica del Poblenou,Ajuntament de Barcelona,Biblioteques de Barcelona,Biblioteques de Barcelona,Lletres,41.392407385,2.197710107
2024,Metres_Quadrats,Biblioteca Francesc Candel,2091,,,03,Sants-Montjuïc,13,la Marina de Port,Ajuntament de Barcelona,Biblioteques de Barcelona,Biblioteques de Barcelona,Lletres,41.361777512,2.136276613
2024,Metres_Quadrats,Biblioteca Poble Sec - Francesc Boix,539,,,03,Sants-Montjuïc,11,el Poble Sec,Ajuntament de Barcelona,Biblioteques de Barcelona,Biblioteques de Barcelona,Lletres,41.373921824,2.164025015
2024,Metres_Quadrats,Biblioteca Vapor Vell,2087,,,03,Sants-Montjuïc,18,Sants,Ajuntament de Barcelona,Biblioteques de Barcelona,Biblioteques de Barcelona,Lletres,41.376897256,2.134733614
2024,Metres_Quadrats,Biblioteca Clarà,762,,,05,Sarrià-Sant Gervasi,24,les Tres Torres,Ajuntament de Barcelona,Biblioteques de Barcelona,Biblioteques de Barcelona,Lletres,41.399909399,2.129455802
2024,Metres_Quadrats,Biblioteca Collserola - Josep Miracle,468,,,05,Sarrià-Sant Gervasi,22,"Vallvidrera, el Tibidabo i les Planes",Ajuntament de Barcelona,Biblioteques de Barcelona,Biblioteques de Barcelona,Lletres,41.415359022,2.1025287
2024,Metres_Quadrats,Biblioteca Sant Gervasi - Joan Maragall,2396,,,05,Sarrià-Sant Gervasi,25,Sant Gervasi - la Bonanova,Ajuntament de Barcelona,Biblioteques de Barcelona,Biblioteques de Barcelona,Lletres,41.4059495,2.136064
2024,Nombre_Activitats,Biblioteca Barceloneta - La Fraternitat,62,,,01,Ciutat Vella,03,la Barceloneta,Ajuntament de Barcelona,Biblioteques de Barcelona,Biblioteques de Barcelona,Lletres,41.379201005,2.188854072
2024,Nombre_Activitats,Biblioteca Francesca Bonnemaison,51,,,01,Ciutat Vella,04,"Sant Pere, Santa Caterina i la Ribera",Ajuntament de Barcelona,Biblioteques de Barcelona,Biblioteques de Barcelona,Lletres,41.386936575,2.175789976
2024,Nombre_Activitats,Biblioteca Gòtic - Andreu Nin,19,,,01,Ciutat Vella,02,el Barri Gòtic,Ajuntament de Barcelona,Biblioteques de Barcelona,Biblioteques de Barcelona,Lletres,41.378730324,2.175978504
2024,Nombre_Activitats,Biblioteca Sant Pau - Santa Creu,55,,,01,Ciutat Vella,01,el Raval,Ajuntament de Barcelona,Biblioteques de Barcelona,Biblioteques de Barcelona,Lletres,41.381057326,2.169793857
2024,Nombre_Activitats,Biblioteca Esquerra de l'Eixample - Agustí Centelles,55,,,02,Eixample,09,la Nova Esquerra de l'Eixample,Ajuntament de Barcelona,Biblioteques de Barcelona,Biblioteques de Barcelona,Lletres,41.3864488,2.1527896
2024,Nombre_Activitats,Biblioteca Fort Pienc - Ana M. Moix,35,,,02,Eixample,05,el Fort Pienc,Ajuntament de Barcelona,Biblioteques de Barcelona,Biblioteques de Barcelona,Lletres,41.395555185,2.182447586
2024,Nombre_Activitats,Biblioteca Joan Miró,26,,,02,Eixample,09,la Nova Esquerra de l'Eixample,Ajuntament de Barcelona,Biblioteques de Barcelona,Biblioteques de Barcelona,Lletres,41.378816801,2.149230361
2024,Nombre_Activitats,Biblioteca Sagrada Família - J. M. Ainaud de Lasarte,70,,,02,Eixample,06,la Sagrada Família,Ajuntament de Barcelona,Biblioteques de Barcelona,Biblioteques de Barcelona,Lletres,41.4055771,2.176118
2024,Nombre_Activitats,Biblioteca Sant Antoni - Joan Oliver,0,,,02,Eixample,10,Sant Antoni,Ajuntament de Barcelona,Biblioteques de Barcelona,Biblioteques de Barcelona,Lletres,41.377384776,2.162778079
2024,Nombre_Activitats,Biblioteca Sofia Barat,43,,,02,Eixample,07,la Dreta de l'Eixample,Ajuntament de Barcelona,Biblioteques de Barcelona,Biblioteques de Barcelona,Lletres,41.394674294,2.17150448
2024,Nombre_Activitats,Biblioteca Jaume Fuster,140,,,06,Gràcia,28,Vallcarca i els Penitents,Ajuntament de Barcelona,Biblioteques de Barcelona,Biblioteques de Barcelona,Lletres,41.407459888,2.149757498
2024,Nombre_Activitats,Biblioteca Vallcarca i els Penitents - M. Antonieta Cot,101,,,06,Gràcia,28,Vallcarca i els Penitents,Ajuntament de Barcelona,Biblioteques de Barcelona,Biblioteques de Barcelona,Lletres,41.420008234,2.139657303
2024,Nombre_Activitats,Biblioteca Vila de Gràcia - Rosa M. Arquimbau,141,,,06,Gràcia,31,la Vila de Gràcia,Ajuntament de Barcelona,Biblioteques de Barcelona,Biblioteques de Barcelona,Lletres,41.401467067,2.158213802
2024,Nombre_Activitats,Biblioteca El Carmel - Juan Marsé,171,,,07,Horta-Guinardó,37,el Carmel,Ajuntament de Barcelona,Biblioteques de Barcelona,Biblioteques de Barcelona,Lletres,41.42110456,2.155286623
2024,Nombre_Activitats,Biblioteca Guinardó - Mercè Rodoreda,65,,,07,Horta-Guinardó,33,el Baix Guinardó,Ajuntament de Barcelona,Biblioteques de Barcelona,Biblioteques de Barcelona,Lletres,41.414313258,2.165318095
2024,Nombre_Activitats,Biblioteca Horta - Can Mariner,78,,,07,Horta-Guinardó,43,Horta,Ajuntament de Barcelona,Biblioteques de Barcelona,Biblioteques de Barcelona,Lletres,41.431105502,2.16073359
2024,Nombre_Activitats,Biblioteca Montbau - Albert Pérez Baró,51,,,07,Horta-Guinardó,40,Montbau,Ajuntament de Barcelona,Biblioteques de Barcelona,Biblioteques de Barcelona,Lletres,41.429553532,2.142195427
2024,Nombre_Activitats,Biblioteca Les Corts - Miquel Llongueras,45,,,04,Les Corts,20,la Maternitat i Sant Ramon,Ajuntament de Barcelona,Biblioteques de Barcelona,Biblioteques de Barcelona,Lletres,41.37777796,2.121760828
2024,Nombre_Activitats,Biblioteca Montserrat Abelló,131,,Biblioteca inaugurada el 26 de gener de 2018.,04,Les Corts,19,les Corts,Ajuntament de Barcelona,Biblioteques de Barcelona,Biblioteques de Barcelona,Lletres,41.383722,2.1352722
2024,Nombre_Activitats,Biblioteca Canyelles - M Àngels Rivas,22,,,08,Nou Barris,49,Canyelles,Ajuntament de Barcelona,Biblioteques de Barcelona,Biblioteques de Barcelona,Lletres,41.443773486,2.164322669
2024,Nombre_Activitats,Biblioteca Les Roquetes - Rafa Juncadella,129,,,08,Nou Barris,50,les Roquetes,Ajuntament de Barcelona,Biblioteques de Barcelona,Biblioteques de Barcelona,Lletres,41.445371792,2.177103706
2024,Nombre_Activitats,Biblioteca Nou Barris - Aurora Díaz Plaja ,80,,,08,Nou Barris,48,la Guineueta,Ajuntament de Barcelona,Biblioteques de Barcelona,Biblioteques de Barcelona,Lletres,41.436813681,2.171212448
2024,Nombre_Activitats,Biblioteca Vilapicina i la Torre Llobeta - Carmen Laforet,68,,,08,Nou Barris,44,Vilapicina i la Torre Llobeta,Ajuntament de Barcelona,Biblioteques de Barcelona,Biblioteques de Barcelona,Lletres,41.426885098,2.176452383
2024,Nombre_Activitats,Biblioteca Zona Nord - Mària Sánchez,164,,,08,Nou Barris,54,Torre Baró,Ajuntament de Barcelona,Biblioteques de Barcelona,Biblioteques de Barcelona,Lletres,41.461237425,2.179875786
2024,Nombre_Activitats,Biblioteca Bon Pastor - Josefina Castellví,178,,,09,Sant Andreu,59,el Bon Pastor,Ajuntament de Barcelona,Biblioteques de Barcelona,Biblioteques de Barcelona,Lletres,41.435164144,2.204659876
2024,Nombre_Activitats,Biblioteca Ignasi Iglésias - Can Fabra,343,,,09,Sant Andreu,60,Sant Andreu,Ajuntament de Barcelona,Biblioteques de Barcelona,Biblioteques de Barcelona,Lletres,41.43448145,2.190871493
2024,Nombre_Activitats,Biblioteca La Sagrera - Marina Clotet,123,,,09,Sant Andreu,61,la Sagrera,Ajuntament de Barcelona,Biblioteques de Barcelona,Biblioteques de Barcelona,Lletres,41.425875519,2.193764263
2024,Nombre_Activitats,Biblioteca Trinitat Vella - José Barbero,60,,,09,Sant Andreu,57,la Trinitat Vella,Ajuntament de Barcelona,Biblioteques de Barcelona,Biblioteques de Barcelona,Lletres,41.449283144,2.190748711
2024,Nombre_Activitats,Biblioteca Camp de l'Arpa - Caterina Albert,36,,,10,Sant Martí,64,el Camp de l'Arpa del Clot,Ajuntament de Barcelona,Biblioteques de Barcelona,Biblioteques de Barcelona,Lletres,41.415766234,2.182280785
2024,Nombre_Activitats,Biblioteca El Clot - Josep Benet,79,,,10,Sant Martí,66,el Parc i la Llacuna del Poblenou,Ajuntament de Barcelona,Biblioteques de Barcelona,Biblioteques de Barcelona,Lletres,41.4019532,2.188806
2024,Nombre_Activitats,Biblioteca Gabriel García Márquez,147,,"Biblioteca inaugurada la primavera de 2022 en substitució de la Biblioteca Sant Martí de Provençals, tancada definitivament el desembre de 2021.",10,Sant Martí,72,Sant Martí de Provençals,Ajuntament de Barcelona,Biblioteques de Barcelona,Biblioteques de Barcelona,Lletres,41.41712,2.200328
2024,Nombre_Activitats,Biblioteca Poblenou - Manuel Arranz,35,,,10,Sant Martí,68,el Poblenou,Ajuntament de Barcelona,Biblioteques de Barcelona,Biblioteques de Barcelona,Lletres,41.401373426,2.204525705
2024,Nombre_Activitats,Biblioteca Ramon d'Alòs-Moner,61,,,10,Sant Martí,70,el Besòs i el Maresme,Ajuntament de Barcelona,Biblioteques de Barcelona,Biblioteques de Barcelona,Lletres,41.416309274,2.21148328
2024,Nombre_Activitats,Biblioteca Xavier Benguerel,43,,,10,Sant Martí,67,la Vila Olímpica del Poblenou,Ajuntament de Barcelona,Biblioteques de Barcelona,Biblioteques de Barcelona,Lletres,41.392407385,2.197710107
2024,Nombre_Activitats,Biblioteca Francesc Candel,48,,,03,Sants-Montjuïc,13,la Marina de Port,Ajuntament de Barcelona,Biblioteques de Barcelona,Biblioteques de Barcelona,Lletres,41.361777512,2.136276613
2024,Nombre_Activitats,Biblioteca Poble Sec - Francesc Boix,60,,,03,Sants-Montjuïc,11,el Poble Sec,Ajuntament de Barcelona,Biblioteques de Barcelona,Biblioteques de Barcelona,Lletres,41.373921824,2.164025015
2024,Nombre_Activitats,Biblioteca Vapor Vell,60,,,03,Sants-Montjuïc,18,Sants,Ajuntament de Barcelona,Biblioteques de Barcelona,Biblioteques de Barcelona,Lletres,41.376897256,2.134733614
2024,Nombre_Activitats,Biblioteca Clarà,31,,,05,Sarrià-Sant Gervasi,24,les Tres Torres,Ajuntament de Barcelona,Biblioteques de Barcelona,Biblioteques de Barcelona,Lletres,41.399909399,2.129455802
2024,Nombre_Activitats,Biblioteca Collserola - Josep Miracle,63,,,05,Sarrià-Sant Gervasi,22,"Vallvidrera, el Tibidabo i les Planes",Ajuntament de Barcelona,Biblioteques de Barcelona,Biblioteques de Barcelona,Lletres,41.415359022,2.1025287
2024,Nombre_Activitats,Biblioteca Sant Gervasi - Joan Maragall,32,,,05,Sarrià-Sant Gervasi,25,Sant Gervasi - la Bonanova,Ajuntament de Barcelona,Biblioteques de Barcelona,Biblioteques de Barcelona,Lletres,41.4059495,2.136064
2024,Nombre_Visites_Escolars,Biblioteca Barceloneta - La Fraternitat,88,,,01,Ciutat Vella,03,la Barceloneta,Ajuntament de Barcelona,Biblioteques de Barcelona,Biblioteques de Barcelona,Lletres,41.379201005,2.188854072
2024,Nombre_Visites_Escolars,Biblioteca Francesca Bonnemaison,103,,,01,Ciutat Vella,04,"Sant Pere, Santa Caterina i la Ribera",Ajuntament de Barcelona,Biblioteques de Barcelona,Biblioteques de Barcelona,Lletres,41.386936575,2.175789976
2024,Nombre_Visites_Escolars,Biblioteca Gòtic - Andreu Nin,142,,,01,Ciutat Vella,02,el Barri Gòtic,Ajuntament de Barcelona,Biblioteques de Barcelona,Biblioteques de Barcelona,Lletres,41.378730324,2.175978504
2024,Nombre_Visites_Escolars,Biblioteca Sant Pau - Santa Creu,173,,,01,Ciutat Vella,01,el Raval,Ajuntament de Barcelona,Biblioteques de Barcelona,Biblioteques de Barcelona,Lletres,41.381057326,2.169793857
2024,Nombre_Visites_Escolars,Biblioteca Esquerra de l'Eixample - Agustí Centelles,68,,,02,Eixample,09,la Nova Esquerra de l'Eixample,Ajuntament de Barcelona,Biblioteques de Barcelona,Biblioteques de Barcelona,Lletres,41.3864488,2.1527896
2024,Nombre_Visites_Escolars,Biblioteca Fort Pienc - Ana M. Moix,117,,,02,Eixample,05,el Fort Pienc,Ajuntament de Barcelona,Biblioteques de Barcelona,Biblioteques de Barcelona,Lletres,41.395555185,2.182447586
2024,Nombre_Visites_Escolars,Biblioteca Joan Miró,111,,,02,Eixample,09,la Nova Esquerra de l'Eixample,Ajuntament de Barcelona,Biblioteques de Barcelona,Biblioteques de Barcelona,Lletres,41.378816801,2.149230361
2024,Nombre_Visites_Escolars,Biblioteca Sagrada Família - J. M. Ainaud de Lasarte,178,,,02,Eixample,06,la Sagrada Família,Ajuntament de Barcelona,Biblioteques de Barcelona,Biblioteques de Barcelona,Lletres,41.4055771,2.176118
2024,Nombre_Visites_Escolars,Biblioteca Sant Antoni - Joan Oliver,5,,,02,Eixample,10,Sant Antoni,Ajuntament de Barcelona,Biblioteques de Barcelona,Biblioteques de Barcelona,Lletres,41.377384776,2.162778079
2024,Nombre_Visites_Escolars,Biblioteca Sofia Barat,118,,,02,Eixample,07,la Dreta de l'Eixample,Ajuntament de Barcelona,Biblioteques de Barcelona,Biblioteques de Barcelona,Lletres,41.394674294,2.17150448
2024,Nombre_Visites_Escolars,Biblioteca Jaume Fuster,168,,,06,Gràcia,28,Vallcarca i els Penitents,Ajuntament de Barcelona,Biblioteques de Barcelona,Biblioteques de Barcelona,Lletres,41.407459888,2.149757498
2024,Nombre_Visites_Escolars,Biblioteca Vallcarca i els Penitents - M. Antonieta Cot,47,,,06,Gràcia,28,Vallcarca i els Penitents,Ajuntament de Barcelona,Biblioteques de Barcelona,Biblioteques de Barcelona,Lletres,41.420008234,2.139657303
2024,Nombre_Visites_Escolars,Biblioteca Vila de Gràcia - Rosa M. Arquimbau,38,,,06,Gràcia,31,la Vila de Gràcia,Ajuntament de Barcelona,Biblioteques de Barcelona,Biblioteques de Barcelona,Lletres,41.401467067,2.158213802
2024,Nombre_Visites_Escolars,Biblioteca El Carmel - Juan Marsé,111,,,07,Horta-Guinardó,37,el Carmel,Ajuntament de Barcelona,Biblioteques de Barcelona,Biblioteques de Barcelona,Lletres,41.42110456,2.155286623
2024,Nombre_Visites_Escolars,Biblioteca Guinardó - Mercè Rodoreda,60,,,07,Horta-Guinardó,33,el Baix Guinardó,Ajuntament de Barcelona,Biblioteques de Barcelona,Biblioteques de Barcelona,Lletres,41.414313258,2.165318095
2024,Nombre_Visites_Escolars,Biblioteca Horta - Can Mariner,55,,,07,Horta-Guinardó,43,Horta,Ajuntament de Barcelona,Biblioteques de Barcelona,Biblioteques de Barcelona,Lletres,41.431105502,2.16073359
2024,Nombre_Visites_Escolars,Biblioteca Montbau - Albert Pérez Baró,13,,,07,Horta-Guinardó,40,Montbau,Ajuntament de Barcelona,Biblioteques de Barcelona,Biblioteques de Barcelona,Lletres,41.429553532,2.142195427
2024,Nombre_Visites_Escolars,Biblioteca Les Corts - Miquel Llongueras,36,,,04,Les Corts,20,la Maternitat i Sant Ramon,Ajuntament de Barcelona,Biblioteques de Barcelona,Biblioteques de Barcelona,Lletres,41.37777796,2.121760828
2024,Nombre_Visites_Escolars,Biblioteca Montserrat Abelló,84,,Biblioteca inaugurada el 26 de gener de 2018.,04,Les Corts,19,les Corts,Ajuntament de Barcelona,Biblioteques de Barcelona,Biblioteques de Barcelona,Lletres,41.383722,2.1352722
2024,Nombre_Visites_Escolars,Biblioteca Canyelles - M Àngels Rivas,33,,,08,Nou Barris,49,Canyelles,Ajuntament de Barcelona,Biblioteques de Barcelona,Biblioteques de Barcelona,Lletres,41.443773486,2.164322669
2024,Nombre_Visites_Escolars,Biblioteca Les Roquetes - Rafa Juncadella,166,,,08,Nou Barris,50,les Roquetes,Ajuntament de Barcelona,Biblioteques de Barcelona,Biblioteques de Barcelona,Lletres,41.445371792,2.177103706
2024,Nombre_Visites_Escolars,Biblioteca Nou Barris - Aurora Díaz Plaja ,98,,,08,Nou Barris,48,la Guineueta,Ajuntament de Barcelona,Biblioteques de Barcelona,Biblioteques de Barcelona,Lletres,41.436813681,2.171212448
2024,Nombre_Visites_Escolars,Biblioteca Vilapicina i la Torre Llobeta - Carmen Laforet,55,,,08,Nou Barris,44,Vilapicina i la Torre Llobeta,Ajuntament de Barcelona,Biblioteques de Barcelona,Biblioteques de Barcelona,Lletres,41.426885098,2.176452383
2024,Nombre_Visites_Escolars,Biblioteca Zona Nord - Mària Sánchez,114,,,08,Nou Barris,54,Torre Baró,Ajuntament de Barcelona,Biblioteques de Barcelona,Biblioteques de Barcelona,Lletres,41.461237425,2.179875786
2024,Nombre_Visites_Escolars,Biblioteca Bon Pastor - Josefina Castellví,239,,,09,Sant Andreu,59,el Bon Pastor,Ajuntament de Barcelona,Biblioteques de Barcelona,Biblioteques de Barcelona,Lletres,41.435164144,2.204659876
2024,Nombre_Visites_Escolars,Biblioteca Ignasi Iglésias - Can Fabra,126,,,09,Sant Andreu,60,Sant Andreu,Ajuntament de Barcelona,Biblioteques de Barcelona,Biblioteques de Barcelona,Lletres,41.43448145,2.190871493
2024,Nombre_Visites_Escolars,Biblioteca La Sagrera - Marina Clotet,124,,,09,Sant Andreu,61,la Sagrera,Ajuntament de Barcelona,Biblioteques de Barcelona,Biblioteques de Barcelona,Lletres,41.425875519,2.193764263
2024,Nombre_Visites_Escolars,Biblioteca Trinitat Vella - José Barbero,54,,,09,Sant Andreu,57,la Trinitat Vella,Ajuntament de Barcelona,Biblioteques de Barcelona,Biblioteques de Barcelona,Lletres,41.449283144,2.190748711
2024,Nombre_Visites_Escolars,Biblioteca Camp de l'Arpa - Caterina Albert,122,,,10,Sant Martí,64,el Camp de l'Arpa del Clot,Ajuntament de Barcelona,Biblioteques de Barcelona,Biblioteques de Barcelona,Lletres,41.415766234,2.182280785
2024,Nombre_Visites_Escolars,Biblioteca El Clot - Josep Benet,61,,,10,Sant Martí,66,el Parc i la Llacuna del Poblenou,Ajuntament de Barcelona,Biblioteques de Barcelona,Biblioteques de Barcelona,Lletres,41.4019532,2.188806
2024,Nombre_Visites_Escolars,Biblioteca Gabriel García Márquez,90,,"Biblioteca inaugurada la primavera de 2022 en substitució de la Biblioteca Sant Martí de Provençals, tancada definitivament el desembre de 2021.",10,Sant Martí,72,Sant Martí de Provençals,Ajuntament de Barcelona,Biblioteques de Barcelona,Biblioteques de Barcelona,Lletres,41.41712,2.200328
2024,Nombre_Visites_Escolars,Biblioteca Poblenou - Manuel Arranz,121,,,10,Sant Martí,68,el Poblenou,Ajuntament de Barcelona,Biblioteques de Barcelona,Biblioteques de Barcelona,Lletres,41.401373426,2.204525705
2024,Nombre_Visites_Escolars,Biblioteca Ramon d'Alòs-Moner,38,,,10,Sant Martí,70,el Besòs i el Maresme,Ajuntament de Barcelona,Biblioteques de Barcelona,Biblioteques de Barcelona,Lletres,41.416309274,2.21148328
2024,Nombre_Visites_Escolars,Biblioteca Xavier Benguerel,23,,,10,Sant Martí,67,la Vila Olímpica del Poblenou,Ajuntament de Barcelona,Biblioteques de Barcelona,Biblioteques de Barcelona,Lletres,41.392407385,2.197710107
2024,Nombre_Visites_Escolars,Biblioteca Francesc Candel,110,,,03,Sants-Montjuïc,13,la Marina de Port,Ajuntament de Barcelona,Biblioteques de Barcelona,Biblioteques de Barcelona,Lletres,41.361777512,2.136276613
2024,Nombre_Visites_Escolars,Biblioteca Poble Sec - Francesc Boix,34,,,03,Sants-Montjuïc,11,el Poble Sec,Ajuntament de Barcelona,Biblioteques de Barcelona,Biblioteques de Barcelona,Lletres,41.373921824,2.164025015
2024,Nombre_Visites_Escolars,Biblioteca Vapor Vell,90,,,03,Sants-Montjuïc,18,Sants,Ajuntament de Barcelona,Biblioteques de Barcelona,Biblioteques de Barcelona,Lletres,41.376897256,2.134733614
2024,Nombre_Visites_Escolars,Biblioteca Clarà,48,,,05,Sarrià-Sant Gervasi,24,les Tres Torres,Ajuntament de Barcelona,Biblioteques de Barcelona,Biblioteques de Barcelona,Lletres,41.399909399,2.129455802
2024,Nombre_Visites_Escolars,Biblioteca Collserola - Josep Miracle,29,,,05,Sarrià-Sant Gervasi,22,"Vallvidrera, el Tibidabo i les Planes",Ajuntament de Barcelona,Biblioteques de Barcelona,Biblioteques de Barcelona,Lletres,41.415359022,2.1025287
2024,Nombre_Visites_Escolars,Biblioteca Sant Gervasi - Joan Maragall,51,,,05,Sarrià-Sant Gervasi,25,Sant Gervasi - la Bonanova,Ajuntament de Barcelona,Biblioteques de Barcelona,Biblioteques de Barcelona,Lletres,41.4059495,2.136064
2024,Prestecs_presencials,Biblioteca Barceloneta - La Fraternitat,34428,,,01,Ciutat Vella,03,la Barceloneta,Ajuntament de Barcelona,Biblioteques de Barcelona,Biblioteques de Barcelona,Lletres,41.379201005,2.188854072
2024,Prestecs_presencials,Biblioteca Francesca Bonnemaison,89949,,,01,Ciutat Vella,04,"Sant Pere, Santa Caterina i la Ribera",Ajuntament de Barcelona,Biblioteques de Barcelona,Biblioteques de Barcelona,Lletres,41.386936575,2.175789976
2024,Prestecs_presencials,Biblioteca Gòtic - Andreu Nin,37465,,,01,Ciutat Vella,02,el Barri Gòtic,Ajuntament de Barcelona,Biblioteques de Barcelona,Biblioteques de Barcelona,Lletres,41.378730324,2.175978504
2024,Prestecs_presencials,Biblioteca Sant Pau - Santa Creu,66222,,,01,Ciutat Vella,01,el Raval,Ajuntament de Barcelona,Biblioteques de Barcelona,Biblioteques de Barcelona,Lletres,41.381057326,2.169793857
2024,Prestecs_presencials,Biblioteca Esquerra de l'Eixample - Agustí Centelles,193381,,,02,Eixample,09,la Nova Esquerra de l'Eixample,Ajuntament de Barcelona,Biblioteques de Barcelona,Biblioteques de Barcelona,Lletres,41.3864488,2.1527896
2024,Prestecs_presencials,Biblioteca Fort Pienc - Ana M. Moix,78431,,,02,Eixample,05,el Fort Pienc,Ajuntament de Barcelona,Biblioteques de Barcelona,Biblioteques de Barcelona,Lletres,41.395555185,2.182447586
2024,Prestecs_presencials,Biblioteca Joan Miró,97689,,,02,Eixample,09,la Nova Esquerra de l'Eixample,Ajuntament de Barcelona,Biblioteques de Barcelona,Biblioteques de Barcelona,Lletres,41.378816801,2.149230361
2024,Prestecs_presencials,Biblioteca Sagrada Família - J. M. Ainaud de Lasarte,243021,,,02,Eixample,06,la Sagrada Família,Ajuntament de Barcelona,Biblioteques de Barcelona,Biblioteques de Barcelona,Lletres,41.4055771,2.176118
2024,Prestecs_presencials,Biblioteca Sant Antoni - Joan Oliver,343,,,02,Eixample,10,Sant Antoni,Ajuntament de Barcelona,Biblioteques de Barcelona,Biblioteques de Barcelona,Lletres,41.377384776,2.162778079
2024,Prestecs_presencials,Biblioteca Sofia Barat,52869,,,02,Eixample,07,la Dreta de l'Eixample,Ajuntament de Barcelona,Biblioteques de Barcelona,Biblioteques de Barcelona,Lletres,41.394674294,2.17150448
2024,Prestecs_presencials,Biblioteca Jaume Fuster,260280,,,06,Gràcia,28,Vallcarca i els Penitents,Ajuntament de Barcelona,Biblioteques de Barcelona,Biblioteques de Barcelona,Lletres,41.407459888,2.149757498
2024,Prestecs_presencials,Biblioteca Vallcarca i els Penitents - M. Antonieta Cot,36984,,,06,Gràcia,28,Vallcarca i els Penitents,Ajuntament de Barcelona,Biblioteques de Barcelona,Biblioteques de Barcelona,Lletres,41.420008234,2.139657303
2024,Prestecs_presencials,Biblioteca Vila de Gràcia - Rosa M. Arquimbau,101500,,,06,Gràcia,31,la Vila de Gràcia,Ajuntament de Barcelona,Biblioteques de Barcelona,Biblioteques de Barcelona,Lletres,41.401467067,2.158213802
2024,Prestecs_presencials,Biblioteca El Carmel - Juan Marsé,82537,,,07,Horta-Guinardó,37,el Carmel,Ajuntament de Barcelona,Biblioteques de Barcelona,Biblioteques de Barcelona,Lletres,41.42110456,2.155286623
2024,Prestecs_presencials,Biblioteca Guinardó - Mercè Rodoreda,105712,,,07,Horta-Guinardó,33,el Baix Guinardó,Ajuntament de Barcelona,Biblioteques de Barcelona,Biblioteques de Barcelona,Lletres,41.414313258,2.165318095
2024,Prestecs_presencials,Biblioteca Horta - Can Mariner,96836,,,07,Horta-Guinardó,43,Horta,Ajuntament de Barcelona,Biblioteques de Barcelona,Biblioteques de Barcelona,Lletres,41.431105502,2.16073359
2024,Prestecs_presencials,Biblioteca Montbau - Albert Pérez Baró,33073,,,07,Horta-Guinardó,40,Montbau,Ajuntament de Barcelona,Biblioteques de Barcelona,Biblioteques de Barcelona,Lletres,41.429553532,2.142195427
2024,Prestecs_presencials,Biblioteca Les Corts - Miquel Llongueras,47389,,,04,Les Corts,20,la Maternitat i Sant Ramon,Ajuntament de Barcelona,Biblioteques de Barcelona,Biblioteques de Barcelona,Lletres,41.37777796,2.121760828
2024,Prestecs_presencials,Biblioteca Montserrat Abelló,159803,,Biblioteca inaugurada el 26 de gener de 2018.,04,Les Corts,19,les Corts,Ajuntament de Barcelona,Biblioteques de Barcelona,Biblioteques de Barcelona,Lletres,41.383722,2.1352722
2024,Prestecs_presencials,Biblioteca Canyelles - M Àngels Rivas,15191,,,08,Nou Barris,49,Canyelles,Ajuntament de Barcelona,Biblioteques de Barcelona,Biblioteques de Barcelona,Lletres,41.443773486,2.164322669
2024,Prestecs_presencials,Biblioteca Les Roquetes - Rafa Juncadella,36154,,,08,Nou Barris,50,les Roquetes,Ajuntament de Barcelona,Biblioteques de Barcelona,Biblioteques de Barcelona,Lletres,41.445371792,2.177103706
2024,Prestecs_presencials,Biblioteca Nou Barris - Aurora Díaz Plaja ,111878,,,08,Nou Barris,48,la Guineueta,Ajuntament de Barcelona,Biblioteques de Barcelona,Biblioteques de Barcelona,Lletres,41.436813681,2.171212448
2024,Prestecs_presencials,Biblioteca Vilapicina i la Torre Llobeta - Carmen Laforet,103856,,,08,Nou Barris,44,Vilapicina i la Torre Llobeta,Ajuntament de Barcelona,Biblioteques de Barcelona,Biblioteques de Barcelona,Lletres,41.426885098,2.176452383
2024,Prestecs_presencials,Biblioteca Zona Nord - Mària Sánchez,26768,,,08,Nou Barris,54,Torre Baró,Ajuntament de Barcelona,Biblioteques de Barcelona,Biblioteques de Barcelona,Lletres,41.461237425,2.179875786
2024,Prestecs_presencials,Biblioteca Bon Pastor - Josefina Castellví,31503,,,09,Sant Andreu,59,el Bon Pastor,Ajuntament de Barcelona,Biblioteques de Barcelona,Biblioteques de Barcelona,Lletres,41.435164144,2.204659876
2024,Prestecs_presencials,Biblioteca Ignasi Iglésias - Can Fabra,219350,,,09,Sant Andreu,60,Sant Andreu,Ajuntament de Barcelona,Biblioteques de Barcelona,Biblioteques de Barcelona,Lletres,41.43448145,2.190871493
2024,Prestecs_presencials,Biblioteca La Sagrera - Marina Clotet,76718,,,09,Sant Andreu,61,la Sagrera,Ajuntament de Barcelona,Biblioteques de Barcelona,Biblioteques de Barcelona,Lletres,41.425875519,2.193764263
2024,Prestecs_presencials,Biblioteca Trinitat Vella - José Barbero,22500,,,09,Sant Andreu,57,la Trinitat Vella,Ajuntament de Barcelona,Biblioteques de Barcelona,Biblioteques de Barcelona,Lletres,41.449283144,2.190748711
2024,Prestecs_presencials,Biblioteca Camp de l'Arpa - Caterina Albert,119390,,,10,Sant Martí,64,el Camp de l'Arpa del Clot,Ajuntament de Barcelona,Biblioteques de Barcelona,Biblioteques de Barcelona,Lletres,41.415766234,2.182280785
2024,Prestecs_presencials,Biblioteca El Clot - Josep Benet,85992,,,10,Sant Martí,66,el Parc i la Llacuna del Poblenou,Ajuntament de Barcelona,Biblioteques de Barcelona,Biblioteques de Barcelona,Lletres,41.4019532,2.188806
2024,Prestecs_presencials,Biblioteca Gabriel García Márquez,144556,,"Biblioteca inaugurada la primavera de 2022 en substitució de la Biblioteca Sant Martí de Provençals, tancada definitivament el desembre de 2021.",10,Sant Martí,72,Sant Martí de Provençals,Ajuntament de Barcelona,Biblioteques de Barcelona,Biblioteques de Barcelona,Lletres,41.41712,2.200328
2024,Prestecs_presencials,Biblioteca Poblenou - Manuel Arranz,112632,,,10,Sant Martí,68,el Poblenou,Ajuntament de Barcelona,Biblioteques de Barcelona,Biblioteques de Barcelona,Lletres,41.401373426,2.204525705
2024,Prestecs_presencials,Biblioteca Ramon d'Alòs-Moner,17531,,,10,Sant Martí,70,el Besòs i el Maresme,Ajuntament de Barcelona,Biblioteques de Barcelona,Biblioteques de Barcelona,Lletres,41.416309274,2.21148328
2024,Prestecs_presencials,Biblioteca Xavier Benguerel,68777,,,10,Sant Martí,67,la Vila Olímpica del Poblenou,Ajuntament de Barcelona,Biblioteques de Barcelona,Biblioteques de Barcelona,Lletres,41.392407385,2.197710107
2024,Prestecs_presencials,Biblioteca Francesc Candel,73486,,,03,Sants-Montjuïc,13,la Marina de Port,Ajuntament de Barcelona,Biblioteques de Barcelona,Biblioteques de Barcelona,Lletres,41.361777512,2.136276613
2024,Prestecs_presencials,Biblioteca Poble Sec - Francesc Boix,61430,,,03,Sants-Montjuïc,11,el Poble Sec,Ajuntament de Barcelona,Biblioteques de Barcelona,Biblioteques de Barcelona,Lletres,41.373921824,2.164025015
2024,Prestecs_presencials,Biblioteca Vapor Vell,190692,,,03,Sants-Montjuïc,18,Sants,Ajuntament de Barcelona,Biblioteques de Barcelona,Biblioteques de Barcelona,Lletres,41.376897256,2.134733614
2024,Prestecs_presencials,Biblioteca Clarà,56168,,,05,Sarrià-Sant Gervasi,24,les Tres Torres,Ajuntament de Barcelona,Biblioteques de Barcelona,Biblioteques de Barcelona,Lletres,41.399909399,2.129455802
2024,Prestecs_presencials,Biblioteca Collserola - Josep Miracle,18280,,,05,Sarrià-Sant Gervasi,22,"Vallvidrera, el Tibidabo i les Planes",Ajuntament de Barcelona,Biblioteques de Barcelona,Biblioteques de Barcelona,Lletres,41.415359022,2.1025287
2024,Prestecs_presencials,Biblioteca Sant Gervasi - Joan Maragall,105913,,,05,Sarrià-Sant Gervasi,25,Sant Gervasi - la Bonanova,Ajuntament de Barcelona,Biblioteques de Barcelona,Biblioteques de Barcelona,Lletres,41.4059495,2.136064
2024,Prestecs_virtuals,Biblioteca Barceloneta - La Fraternitat,2355,,,01,Ciutat Vella,03,la Barceloneta,Ajuntament de Barcelona,Biblioteques de Barcelona,Biblioteques de Barcelona,Lletres,41.379201005,2.188854072
2024,Prestecs_virtuals,Biblioteca Francesca Bonnemaison,11582,,,01,Ciutat Vella,04,"Sant Pere, Santa Caterina i la Ribera",Ajuntament de Barcelona,Biblioteques de Barcelona,Biblioteques de Barcelona,Lletres,41.386936575,2.175789976
2024,Prestecs_virtuals,Biblioteca Gòtic - Andreu Nin,2112,,,01,Ciutat Vella,02,el Barri Gòtic,Ajuntament de Barcelona,Biblioteques de Barcelona,Biblioteques de Barcelona,Lletres,41.378730324,2.175978504
2024,Prestecs_virtuals,Biblioteca Sant Pau - Santa Creu,18912,,,01,Ciutat Vella,01,el Raval,Ajuntament de Barcelona,Biblioteques de Barcelona,Biblioteques de Barcelona,Lletres,41.381057326,2.169793857
2024,Prestecs_virtuals,Biblioteca Esquerra de l'Eixample - Agustí Centelles,24042,,,02,Eixample,09,la Nova Esquerra de l'Eixample,Ajuntament de Barcelona,Biblioteques de Barcelona,Biblioteques de Barcelona,Lletres,41.3864488,2.1527896
2024,Prestecs_virtuals,Biblioteca Fort Pienc - Ana M. Moix,13856,,,02,Eixample,05,el Fort Pienc,Ajuntament de Barcelona,Biblioteques de Barcelona,Biblioteques de Barcelona,Lletres,41.395555185,2.182447586
2024,Prestecs_virtuals,Biblioteca Joan Miró,24649,,,02,Eixample,09,la Nova Esquerra de l'Eixample,Ajuntament de Barcelona,Biblioteques de Barcelona,Biblioteques de Barcelona,Lletres,41.378816801,2.149230361
2024,Prestecs_virtuals,Biblioteca Sagrada Família - J. M. Ainaud de Lasarte,25313,,,02,Eixample,06,la Sagrada Família,Ajuntament de Barcelona,Biblioteques de Barcelona,Biblioteques de Barcelona,Lletres,41.4055771,2.176118
2024,Prestecs_virtuals,Biblioteca Sant Antoni - Joan Oliver,10557,,,02,Eixample,10,Sant Antoni,Ajuntament de Barcelona,Biblioteques de Barcelona,Biblioteques de Barcelona,Lletres,41.377384776,2.162778079
2024,Prestecs_virtuals,Biblioteca Sofia Barat,15679,,,02,Eixample,07,la Dreta de l'Eixample,Ajuntament de Barcelona,Biblioteques de Barcelona,Biblioteques de Barcelona,Lletres,41.394674294,2.17150448
2024,Prestecs_virtuals,Biblioteca Jaume Fuster,40155,,,06,Gràcia,28,Vallcarca i els Penitents,Ajuntament de Barcelona,Biblioteques de Barcelona,Biblioteques de Barcelona,Lletres,41.407459888,2.149757498
2024,Prestecs_virtuals,Biblioteca Vallcarca i els Penitents - M. Antonieta Cot,2143,,,06,Gràcia,28,Vallcarca i els Penitents,Ajuntament de Barcelona,Biblioteques de Barcelona,Biblioteques de Barcelona,Lletres,41.420008234,2.139657303
2024,Prestecs_virtuals,Biblioteca Vila de Gràcia - Rosa M. Arquimbau,33617,,,06,Gràcia,31,la Vila de Gràcia,Ajuntament de Barcelona,Biblioteques de Barcelona,Biblioteques de Barcelona,Lletres,41.401467067,2.158213802
2024,Prestecs_virtuals,Biblioteca El Carmel - Juan Marsé,4502,,,07,Horta-Guinardó,37,el Carmel,Ajuntament de Barcelona,Biblioteques de Barcelona,Biblioteques de Barcelona,Lletres,41.42110456,2.155286623
2024,Prestecs_virtuals,Biblioteca Guinardó - Mercè Rodoreda,23982,,,07,Horta-Guinardó,33,el Baix Guinardó,Ajuntament de Barcelona,Biblioteques de Barcelona,Biblioteques de Barcelona,Lletres,41.414313258,2.165318095
2024,Prestecs_virtuals,Biblioteca Horta - Can Mariner,9280,,,07,Horta-Guinardó,43,Horta,Ajuntament de Barcelona,Biblioteques de Barcelona,Biblioteques de Barcelona,Lletres,41.431105502,2.16073359
2024,Prestecs_virtuals,Biblioteca Montbau - Albert Pérez Baró,3870,,,07,Horta-Guinardó,40,Montbau,Ajuntament de Barcelona,Biblioteques de Barcelona,Biblioteques de Barcelona,Lletres,41.429553532,2.142195427
2024,Prestecs_virtuals,Biblioteca Les Corts - Miquel Llongueras,10200,,,04,Les Corts,20,la Maternitat i Sant Ramon,Ajuntament de Barcelona,Biblioteques de Barcelona,Biblioteques de Barcelona,Lletres,41.37777796,2.121760828
2024,Prestecs_virtuals,Biblioteca Montserrat Abelló,24366,,Biblioteca inaugurada el 26 de gener de 2018.,04,Les Corts,19,les Corts,Ajuntament de Barcelona,Biblioteques de Barcelona,Biblioteques de Barcelona,Lletres,41.383722,2.1352722
2024,Prestecs_virtuals,Biblioteca Canyelles - M Àngels Rivas,698,,,08,Nou Barris,49,Canyelles,Ajuntament de Barcelona,Biblioteques de Barcelona,Biblioteques de Barcelona,Lletres,41.443773486,2.164322669
2024,Prestecs_virtuals,Biblioteca Les Roquetes - Rafa Juncadella,1349,,,08,Nou Barris,50,les Roquetes,Ajuntament de Barcelona,Biblioteques de Barcelona,Biblioteques de Barcelona,Lletres,41.445371792,2.177103706
2024,Prestecs_virtuals,Biblioteca Nou Barris - Aurora Díaz Plaja ,13514,,,08,Nou Barris,48,la Guineueta,Ajuntament de Barcelona,Biblioteques de Barcelona,Biblioteques de Barcelona,Lletres,41.436813681,2.171212448
2024,Prestecs_virtuals,Biblioteca Vilapicina i la Torre Llobeta - Carmen Laforet,5918,,,08,Nou Barris,44,Vilapicina i la Torre Llobeta,Ajuntament de Barcelona,Biblioteques de Barcelona,Biblioteques de Barcelona,Lletres,41.426885098,2.176452383
2024,Prestecs_virtuals,Biblioteca Zona Nord - Mària Sánchez,623,,,08,Nou Barris,54,Torre Baró,Ajuntament de Barcelona,Biblioteques de Barcelona,Biblioteques de Barcelona,Lletres,41.461237425,2.179875786
2024,Prestecs_virtuals,Biblioteca Bon Pastor - Josefina Castellví,748,,,09,Sant Andreu,59,el Bon Pastor,Ajuntament de Barcelona,Biblioteques de Barcelona,Biblioteques de Barcelona,Lletres,41.435164144,2.204659876
2024,Prestecs_virtuals,Biblioteca Ignasi Iglésias - Can Fabra,22335,,,09,Sant Andreu,60,Sant Andreu,Ajuntament de Barcelona,Biblioteques de Barcelona,Biblioteques de Barcelona,Lletres,41.43448145,2.190871493
2024,Prestecs_virtuals,Biblioteca La Sagrera - Marina Clotet,2499,,,09,Sant Andreu,61,la Sagrera,Ajuntament de Barcelona,Biblioteques de Barcelona,Biblioteques de Barcelona,Lletres,41.425875519,2.193764263
2024,Prestecs_virtuals,Biblioteca Trinitat Vella - José Barbero,514,,,09,Sant Andreu,57,la Trinitat Vella,Ajuntament de Barcelona,Biblioteques de Barcelona,Biblioteques de Barcelona,Lletres,41.449283144,2.190748711
2024,Prestecs_virtuals,Biblioteca Camp de l'Arpa - Caterina Albert,17343,,,10,Sant Martí,64,el Camp de l'Arpa del Clot,Ajuntament de Barcelona,Biblioteques de Barcelona,Biblioteques de Barcelona,Lletres,41.415766234,2.182280785
2024,Prestecs_virtuals,Biblioteca El Clot - Josep Benet,6537,,,10,Sant Martí,66,el Parc i la Llacuna del Poblenou,Ajuntament de Barcelona,Biblioteques de Barcelona,Biblioteques de Barcelona,Lletres,41.4019532,2.188806
2024,Prestecs_virtuals,Biblioteca Gabriel García Márquez,13423,,"Biblioteca inaugurada la primavera de 2022 en substitució de la Biblioteca Sant Martí de Provençals, tancada definitivament el desembre de 2021.",10,Sant Martí,72,Sant Martí de Provençals,Ajuntament de Barcelona,Biblioteques de Barcelona,Biblioteques de Barcelona,Lletres,41.41712,2.200328
2024,Prestecs_virtuals,Biblioteca Poblenou - Manuel Arranz,11165,,,10,Sant Martí,68,el Poblenou,Ajuntament de Barcelona,Biblioteques de Barcelona,Biblioteques de Barcelona,Lletres,41.401373426,2.204525705
2024,Prestecs_virtuals,Biblioteca Ramon d'Alòs-Moner,1796,,,10,Sant Martí,70,el Besòs i el Maresme,Ajuntament de Barcelona,Biblioteques de Barcelona,Biblioteques de Barcelona,Lletres,41.416309274,2.21148328
2024,Prestecs_virtuals,Biblioteca Xavier Benguerel,16527,,,10,Sant Martí,67,la Vila Olímpica del Poblenou,Ajuntament de Barcelona,Biblioteques de Barcelona,Biblioteques de Barcelona,Lletres,41.392407385,2.197710107
2024,Prestecs_virtuals,Biblioteca Francesc Candel,6004,,,03,Sants-Montjuïc,13,la Marina de Port,Ajuntament de Barcelona,Biblioteques de Barcelona,Biblioteques de Barcelona,Lletres,41.361777512,2.136276613
2024,Prestecs_virtuals,Biblioteca Poble Sec - Francesc Boix,7859,,,03,Sants-Montjuïc,11,el Poble Sec,Ajuntament de Barcelona,Biblioteques de Barcelona,Biblioteques de Barcelona,Lletres,41.373921824,2.164025015
2024,Prestecs_virtuals,Biblioteca Vapor Vell,30788,,,03,Sants-Montjuïc,18,Sants,Ajuntament de Barcelona,Biblioteques de Barcelona,Biblioteques de Barcelona,Lletres,41.376897256,2.134733614
2024,Prestecs_virtuals,Biblioteca Clarà,11759,,,05,Sarrià-Sant Gervasi,24,les Tres Torres,Ajuntament de Barcelona,Biblioteques de Barcelona,Biblioteques de Barcelona,Lletres,41.399909399,2.129455802
2024,Prestecs_virtuals,Biblioteca Collserola - Josep Miracle,1359,,,05,Sarrià-Sant Gervasi,22,"Vallvidrera, el Tibidabo i les Planes",Ajuntament de Barcelona,Biblioteques de Barcelona,Biblioteques de Barcelona,Lletres,41.415359022,2.1025287
2024,Prestecs_virtuals,Biblioteca Sant Gervasi - Joan Maragall,10179,,,05,Sarrià-Sant Gervasi,25,Sant Gervasi - la Bonanova,Ajuntament de Barcelona,Biblioteques de Barcelona,Biblioteques de Barcelona,Lletres,41.4059495,2.136064
2024,Usos_Ordinadors,Biblioteca Barceloneta - La Fraternitat,2841,,,01,Ciutat Vella,03,la Barceloneta,Ajuntament de Barcelona,Biblioteques de Barcelona,Biblioteques de Barcelona,Lletres,41.379201005,2.188854072
2024,Usos_Ordinadors,Biblioteca Francesca Bonnemaison,6692,,,01,Ciutat Vella,04,"Sant Pere, Santa Caterina i la Ribera",Ajuntament de Barcelona,Biblioteques de Barcelona,Biblioteques de Barcelona,Lletres,41.386936575,2.175789976
2024,Usos_Ordinadors,Biblioteca Gòtic - Andreu Nin,8357,,,01,Ciutat Vella,02,el Barri Gòtic,Ajuntament de Barcelona,Biblioteques de Barcelona,Biblioteques de Barcelona,Lletres,41.378730324,2.175978504
2024,Usos_Ordinadors,Biblioteca Sant Pau - Santa Creu,11704,,,01,Ciutat Vella,01,el Raval,Ajuntament de Barcelona,Biblioteques de Barcelona,Biblioteques de Barcelona,Lletres,41.381057326,2.169793857
2024,Usos_Ordinadors,Biblioteca Esquerra de l'Eixample - Agustí Centelles,16983,,,02,Eixample,09,la Nova Esquerra de l'Eixample,Ajuntament de Barcelona,Biblioteques de Barcelona,Biblioteques de Barcelona,Lletres,41.3864488,2.1527896
2024,Usos_Ordinadors,Biblioteca Fort Pienc - Ana M. Moix,4584,,,02,Eixample,05,el Fort Pienc,Ajuntament de Barcelona,Biblioteques de Barcelona,Biblioteques de Barcelona,Lletres,41.395555185,2.182447586
2024,Usos_Ordinadors,Biblioteca Joan Miró,4802,,,02,Eixample,09,la Nova Esquerra de l'Eixample,Ajuntament de Barcelona,Biblioteques de Barcelona,Biblioteques de Barcelona,Lletres,41.378816801,2.149230361
2024,Usos_Ordinadors,Biblioteca Sagrada Família - J. M. Ainaud de Lasarte,24202,,,02,Eixample,06,la Sagrada Família,Ajuntament de Barcelona,Biblioteques de Barcelona,Biblioteques de Barcelona,Lletres,41.4055771,2.176118
2024,Usos_Ordinadors,Biblioteca Sant Antoni - Joan Oliver,0,,,02,Eixample,10,Sant Antoni,Ajuntament de Barcelona,Biblioteques de Barcelona,Biblioteques de Barcelona,Lletres,41.377384776,2.162778079
2024,Usos_Ordinadors,Biblioteca Sofia Barat,2213,,,02,Eixample,07,la Dreta de l'Eixample,Ajuntament de Barcelona,Biblioteques de Barcelona,Biblioteques de Barcelona,Lletres,41.394674294,2.17150448
2024,Usos_Ordinadors,Biblioteca Jaume Fuster,25777,,,06,Gràcia,28,Vallcarca i els Penitents,Ajuntament de Barcelona,Biblioteques de Barcelona,Biblioteques de Barcelona,Lletres,41.407459888,2.149757498
2024,Usos_Ordinadors,Biblioteca Vallcarca i els Penitents - M. Antonieta Cot,2953,,,06,Gràcia,28,Vallcarca i els Penitents,Ajuntament de Barcelona,Biblioteques de Barcelona,Biblioteques de Barcelona,Lletres,41.420008234,2.139657303
2024,Usos_Ordinadors,Biblioteca Vila de Gràcia - Rosa M. Arquimbau,8015,,,06,Gràcia,31,la Vila de Gràcia,Ajuntament de Barcelona,Biblioteques de Barcelona,Biblioteques de Barcelona,Lletres,41.401467067,2.158213802
2024,Usos_Ordinadors,Biblioteca El Carmel - Juan Marsé,5062,,,07,Horta-Guinardó,37,el Carmel,Ajuntament de Barcelona,Biblioteques de Barcelona,Biblioteques de Barcelona,Lletres,41.42110456,2.155286623
2024,Usos_Ordinadors,Biblioteca Guinardó - Mercè Rodoreda,6507,,,07,Horta-Guinardó,33,el Baix Guinardó,Ajuntament de Barcelona,Biblioteques de Barcelona,Biblioteques de Barcelona,Lletres,41.414313258,2.165318095
2024,Usos_Ordinadors,Biblioteca Horta - Can Mariner,6216,,,07,Horta-Guinardó,43,Horta,Ajuntament de Barcelona,Biblioteques de Barcelona,Biblioteques de Barcelona,Lletres,41.431105502,2.16073359
2024,Usos_Ordinadors,Biblioteca Montbau - Albert Pérez Baró,1667,,,07,Horta-Guinardó,40,Montbau,Ajuntament de Barcelona,Biblioteques de Barcelona,Biblioteques de Barcelona,Lletres,41.429553532,2.142195427
2024,Usos_Ordinadors,Biblioteca Les Corts - Miquel Llongueras,3021,,,04,Les Corts,20,la Maternitat i Sant Ramon,Ajuntament de Barcelona,Biblioteques de Barcelona,Biblioteques de Barcelona,Lletres,41.37777796,2.121760828
2024,Usos_Ordinadors,Biblioteca Montserrat Abelló,19059,,Biblioteca inaugurada el 26 de gener de 2018.,04,Les Corts,19,les Corts,Ajuntament de Barcelona,Biblioteques de Barcelona,Biblioteques de Barcelona,Lletres,41.383722,2.1352722
2024,Usos_Ordinadors,Biblioteca Canyelles - M Àngels Rivas,376,,,08,Nou Barris,49,Canyelles,Ajuntament de Barcelona,Biblioteques de Barcelona,Biblioteques de Barcelona,Lletres,41.443773486,2.164322669
2024,Usos_Ordinadors,Biblioteca Les Roquetes - Rafa Juncadella,5211,,,08,Nou Barris,50,les Roquetes,Ajuntament de Barcelona,Biblioteques de Barcelona,Biblioteques de Barcelona,Lletres,41.445371792,2.177103706
2024,Usos_Ordinadors,Biblioteca Nou Barris - Aurora Díaz Plaja ,10997,,,08,Nou Barris,48,la Guineueta,Ajuntament de Barcelona,Biblioteques de Barcelona,Biblioteques de Barcelona,Lletres,41.436813681,2.171212448
2024,Usos_Ordinadors,Biblioteca Vilapicina i la Torre Llobeta - Carmen Laforet,5553,,,08,Nou Barris,44,Vilapicina i la Torre Llobeta,Ajuntament de Barcelona,Biblioteques de Barcelona,Biblioteques de Barcelona,Lletres,41.426885098,2.176452383
2024,Usos_Ordinadors,Biblioteca Zona Nord - Mària Sánchez,6195,,,08,Nou Barris,54,Torre Baró,Ajuntament de Barcelona,Biblioteques de Barcelona,Biblioteques de Barcelona,Lletres,41.461237425,2.179875786
2024,Usos_Ordinadors,Biblioteca Bon Pastor - Josefina Castellví,3793,,,09,Sant Andreu,59,el Bon Pastor,Ajuntament de Barcelona,Biblioteques de Barcelona,Biblioteques de Barcelona,Lletres,41.435164144,2.204659876
2024,Usos_Ordinadors,Biblioteca Ignasi Iglésias - Can Fabra,36322,,,09,Sant Andreu,60,Sant Andreu,Ajuntament de Barcelona,Biblioteques de Barcelona,Biblioteques de Barcelona,Lletres,41.43448145,2.190871493
2024,Usos_Ordinadors,Biblioteca La Sagrera - Marina Clotet,5214,,,09,Sant Andreu,61,la Sagrera,Ajuntament de Barcelona,Biblioteques de Barcelona,Biblioteques de Barcelona,Lletres,41.425875519,2.193764263
2024,Usos_Ordinadors,Biblioteca Trinitat Vella - José Barbero,4069,,,09,Sant Andreu,57,la Trinitat Vella,Ajuntament de Barcelona,Biblioteques de Barcelona,Biblioteques de Barcelona,Lletres,41.449283144,2.190748711
2024,Usos_Ordinadors,Biblioteca Camp de l'Arpa - Caterina Albert,8764,,,10,Sant Martí,64,el Camp de l'Arpa del Clot,Ajuntament de Barcelona,Biblioteques de Barcelona,Biblioteques de Barcelona,Lletres,41.415766234,2.182280785
2024,Usos_Ordinadors,Biblioteca El Clot - Josep Benet,7504,,,10,Sant Martí,66,el Parc i la Llacuna del Poblenou,Ajuntament de Barcelona,Biblioteques de Barcelona,Biblioteques de Barcelona,Lletres,41.4019532,2.188806
2024,Usos_Ordinadors,Biblioteca Gabriel García Márquez,9713,,"Biblioteca inaugurada la primavera de 2022 en substitució de la Biblioteca Sant Martí de Provençals, tancada definitivament el desembre de 2021.",10,Sant Martí,72,Sant Martí de Provençals,Ajuntament de Barcelona,Biblioteques de Barcelona,Biblioteques de Barcelona,Lletres,41.41712,2.200328
2024,Usos_Ordinadors,Biblioteca Poblenou - Manuel Arranz,5035,,,10,Sant Martí,68,el Poblenou,Ajuntament de Barcelona,Biblioteques de Barcelona,Biblioteques de Barcelona,Lletres,41.401373426,2.204525705
2024,Usos_Ordinadors,Biblioteca Ramon d'Alòs-Moner,1688,,,10,Sant Martí,70,el Besòs i el Maresme,Ajuntament de Barcelona,Biblioteques de Barcelona,Biblioteques de Barcelona,Lletres,41.416309274,2.21148328
2024,Usos_Ordinadors,Biblioteca Xavier Benguerel,2561,,,10,Sant Martí,67,la Vila Olímpica del Poblenou,Ajuntament de Barcelona,Biblioteques de Barcelona,Biblioteques de Barcelona,Lletres,41.392407385,2.197710107
2024,Usos_Ordinadors,Biblioteca Francesc Candel,6146,,,03,Sants-Montjuïc,13,la Marina de Port,Ajuntament de Barcelona,Biblioteques de Barcelona,Biblioteques de Barcelona,Lletres,41.361777512,2.136276613
2024,Usos_Ordinadors,Biblioteca Poble Sec - Francesc Boix,5117,,,03,Sants-Montjuïc,11,el Poble Sec,Ajuntament de Barcelona,Biblioteques de Barcelona,Biblioteques de Barcelona,Lletres,41.373921824,2.164025015
2024,Usos_Ordinadors,Biblioteca Vapor Vell,14200,,,03,Sants-Montjuïc,18,Sants,Ajuntament de Barcelona,Biblioteques de Barcelona,Biblioteques de Barcelona,Lletres,41.376897256,2.134733614
2024,Usos_Ordinadors,Biblioteca Clarà,924,,,05,Sarrià-Sant Gervasi,24,les Tres Torres,Ajuntament de Barcelona,Biblioteques de Barcelona,Biblioteques de Barcelona,Lletres,41.399909399,2.129455802
2024,Usos_Ordinadors,Biblioteca Collserola - Josep Miracle,483,,,05,Sarrià-Sant Gervasi,22,"Vallvidrera, el Tibidabo i les Planes",Ajuntament de Barcelona,Biblioteques de Barcelona,Biblioteques de Barcelona,Lletres,41.415359022,2.1025287
2024,Usos_Ordinadors,Biblioteca Sant Gervasi - Joan Maragall,7362,,,05,Sarrià-Sant Gervasi,25,Sant Gervasi - la Bonanova,Ajuntament de Barcelona,Biblioteques de Barcelona,Biblioteques de Barcelona,Lletres,41.4059495,2.136064
2024,Visites,Biblioteca Barceloneta - La Fraternitat,43897,,,01,Ciutat Vella,03,la Barceloneta,Ajuntament de Barcelona,Biblioteques de Barcelona,Biblioteques de Barcelona,Lletres,41.379201005,2.188854072
2024,Visites,Biblioteca Francesca Bonnemaison,118970,,,01,Ciutat Vella,04,"Sant Pere, Santa Caterina i la Ribera",Ajuntament de Barcelona,Biblioteques de Barcelona,Biblioteques de Barcelona,Lletres,41.386936575,2.175789976
2024,Visites,Biblioteca Gòtic - Andreu Nin,62958,,,01,Ciutat Vella,02,el Barri Gòtic,Ajuntament de Barcelona,Biblioteques de Barcelona,Biblioteques de Barcelona,Lletres,41.378730324,2.175978504
2024,Visites,Biblioteca Sant Pau - Santa Creu,132705,,,01,Ciutat Vella,01,el Raval,Ajuntament de Barcelona,Biblioteques de Barcelona,Biblioteques de Barcelona,Lletres,41.381057326,2.169793857
2024,Visites,Biblioteca Esquerra de l'Eixample - Agustí Centelles,326508,,,02,Eixample,09,la Nova Esquerra de l'Eixample,Ajuntament de Barcelona,Biblioteques de Barcelona,Biblioteques de Barcelona,Lletres,41.3864488,2.1527896
2024,Visites,Biblioteca Fort Pienc - Ana M. Moix,116230,,,02,Eixample,05,el Fort Pienc,Ajuntament de Barcelona,Biblioteques de Barcelona,Biblioteques de Barcelona,Lletres,41.395555185,2.182447586
2024,Visites,Biblioteca Joan Miró,180322,,,02,Eixample,09,la Nova Esquerra de l'Eixample,Ajuntament de Barcelona,Biblioteques de Barcelona,Biblioteques de Barcelona,Lletres,41.378816801,2.149230361
2024,Visites,Biblioteca Sagrada Família - J. M. Ainaud de Lasarte,337022,,,02,Eixample,06,la Sagrada Família,Ajuntament de Barcelona,Biblioteques de Barcelona,Biblioteques de Barcelona,Lletres,41.4055771,2.176118
2024,Visites,Biblioteca Sant Antoni - Joan Oliver,0,,,02,Eixample,10,Sant Antoni,Ajuntament de Barcelona,Biblioteques de Barcelona,Biblioteques de Barcelona,Lletres,41.377384776,2.162778079
2024,Visites,Biblioteca Sofia Barat,76317,,,02,Eixample,07,la Dreta de l'Eixample,Ajuntament de Barcelona,Biblioteques de Barcelona,Biblioteques de Barcelona,Lletres,41.394674294,2.17150448
2024,Visites,Biblioteca Jaume Fuster,514186,,,06,Gràcia,28,Vallcarca i els Penitents,Ajuntament de Barcelona,Biblioteques de Barcelona,Biblioteques de Barcelona,Lletres,41.407459888,2.149757498
2024,Visites,Biblioteca Vallcarca i els Penitents - M. Antonieta Cot,54273,,,06,Gràcia,28,Vallcarca i els Penitents,Ajuntament de Barcelona,Biblioteques de Barcelona,Biblioteques de Barcelona,Lletres,41.420008234,2.139657303
2024,Visites,Biblioteca Vila de Gràcia - Rosa M. Arquimbau,191363,,,06,Gràcia,31,la Vila de Gràcia,Ajuntament de Barcelona,Biblioteques de Barcelona,Biblioteques de Barcelona,Lletres,41.401467067,2.158213802
2024,Visites,Biblioteca El Carmel - Juan Marsé,103171,,,07,Horta-Guinardó,37,el Carmel,Ajuntament de Barcelona,Biblioteques de Barcelona,Biblioteques de Barcelona,Lletres,41.42110456,2.155286623
2024,Visites,Biblioteca Guinardó - Mercè Rodoreda,147479,,,07,Horta-Guinardó,33,el Baix Guinardó,Ajuntament de Barcelona,Biblioteques de Barcelona,Biblioteques de Barcelona,Lletres,41.414313258,2.165318095
2024,Visites,Biblioteca Horta - Can Mariner,121054,,,07,Horta-Guinardó,43,Horta,Ajuntament de Barcelona,Biblioteques de Barcelona,Biblioteques de Barcelona,Lletres,41.431105502,2.16073359
2024,Visites,Biblioteca Montbau - Albert Pérez Baró,54585,,,07,Horta-Guinardó,40,Montbau,Ajuntament de Barcelona,Biblioteques de Barcelona,Biblioteques de Barcelona,Lletres,41.429553532,2.142195427
2024,Visites,Biblioteca Les Corts - Miquel Llongueras,71477,,,04,Les Corts,20,la Maternitat i Sant Ramon,Ajuntament de Barcelona,Biblioteques de Barcelona,Biblioteques de Barcelona,Lletres,41.37777796,2.121760828
2024,Visites,Biblioteca Montserrat Abelló,294748,,Biblioteca inaugurada el 26 de gener de 2018.,04,Les Corts,19,les Corts,Ajuntament de Barcelona,Biblioteques de Barcelona,Biblioteques de Barcelona,Lletres,41.383722,2.1352722
2024,Visites,Biblioteca Canyelles - M Àngels Rivas,16313,,,08,Nou Barris,49,Canyelles,Ajuntament de Barcelona,Biblioteques de Barcelona,Biblioteques de Barcelona,Lletres,41.443773486,2.164322669
2024,Visites,Biblioteca Les Roquetes - Rafa Juncadella,55998,,,08,Nou Barris,50,les Roquetes,Ajuntament de Barcelona,Biblioteques de Barcelona,Biblioteques de Barcelona,Lletres,41.445371792,2.177103706
2024,Visites,Biblioteca Nou Barris - Aurora Díaz Plaja ,219613,,,08,Nou Barris,48,la Guineueta,Ajuntament de Barcelona,Biblioteques de Barcelona,Biblioteques de Barcelona,Lletres,41.436813681,2.171212448
2024,Visites,Biblioteca Vilapicina i la Torre Llobeta - Carmen Laforet,142030,,,08,Nou Barris,44,Vilapicina i la Torre Llobeta,Ajuntament de Barcelona,Biblioteques de Barcelona,Biblioteques de Barcelona,Lletres,41.426885098,2.176452383
2024,Visites,Biblioteca Zona Nord - Mària Sánchez,49896,,,08,Nou Barris,54,Torre Baró,Ajuntament de Barcelona,Biblioteques de Barcelona,Biblioteques de Barcelona,Lletres,41.461237425,2.179875786
2024,Visites,Biblioteca Bon Pastor - Josefina Castellví,53451,,,09,Sant Andreu,59,el Bon Pastor,Ajuntament de Barcelona,Biblioteques de Barcelona,Biblioteques de Barcelona,Lletres,41.435164144,2.204659876
2024,Visites,Biblioteca Ignasi Iglésias - Can Fabra,347241,,,09,Sant Andreu,60,Sant Andreu,Ajuntament de Barcelona,Biblioteques de Barcelona,Biblioteques de Barcelona,Lletres,41.43448145,2.190871493
2024,Visites,Biblioteca La Sagrera - Marina Clotet,76444,,,09,Sant Andreu,61,la Sagrera,Ajuntament de Barcelona,Biblioteques de Barcelona,Biblioteques de Barcelona,Lletres,41.425875519,2.193764263
2024,Visites,Biblioteca Trinitat Vella - José Barbero,45829,,,09,Sant Andreu,57,la Trinitat Vella,Ajuntament de Barcelona,Biblioteques de Barcelona,Biblioteques de Barcelona,Lletres,41.449283144,2.190748711
2024,Visites,Biblioteca Camp de l'Arpa - Caterina Albert,149107,,,10,Sant Martí,64,el Camp de l'Arpa del Clot,Ajuntament de Barcelona,Biblioteques de Barcelona,Biblioteques de Barcelona,Lletres,41.415766234,2.182280785
2024,Visites,Biblioteca El Clot - Josep Benet,108275,,,10,Sant Martí,66,el Parc i la Llacuna del Poblenou,Ajuntament de Barcelona,Biblioteques de Barcelona,Biblioteques de Barcelona,Lletres,41.4019532,2.188806
2024,Visites,Biblioteca Gabriel García Márquez,404583,,"Biblioteca inaugurada la primavera de 2022 en substitució de la Biblioteca Sant Martí de Provençals, tancada definitivament el desembre de 2021.",10,Sant Martí,72,Sant Martí de Provençals,Ajuntament de Barcelona,Biblioteques de Barcelona,Biblioteques de Barcelona,Lletres,41.41712,2.200328
2024,Visites,Biblioteca Poblenou - Manuel Arranz,167896,,,10,Sant Martí,68,el Poblenou,Ajuntament de Barcelona,Biblioteques de Barcelona,Biblioteques de Barcelona,Lletres,41.401373426,2.204525705
2024,Visites,Biblioteca Ramon d'Alòs-Moner,22944,,,10,Sant Martí,70,el Besòs i el Maresme,Ajuntament de Barcelona,Biblioteques de Barcelona,Biblioteques de Barcelona,Lletres,41.416309274,2.21148328
2024,Visites,Biblioteca Xavier Benguerel,56732,,,10,Sant Martí,67,la Vila Olímpica del Poblenou,Ajuntament de Barcelona,Biblioteques de Barcelona,Biblioteques de Barcelona,Lletres,41.392407385,2.197710107
2024,Visites,Biblioteca Francesc Candel,113500,,,03,Sants-Montjuïc,13,la Marina de Port,Ajuntament de Barcelona,Biblioteques de Barcelona,Biblioteques de Barcelona,Lletres,41.361777512,2.136276613
2024,Visites,Biblioteca Poble Sec - Francesc Boix,77078,,,03,Sants-Montjuïc,11,el Poble Sec,Ajuntament de Barcelona,Biblioteques de Barcelona,Biblioteques de Barcelona,Lletres,41.373921824,2.164025015
2024,Visites,Biblioteca Vapor Vell,216531,,,03,Sants-Montjuïc,18,Sants,Ajuntament de Barcelona,Biblioteques de Barcelona,Biblioteques de Barcelona,Lletres,41.376897256,2.134733614
2024,Visites,Biblioteca Clarà,61856,,,05,Sarrià-Sant Gervasi,24,les Tres Torres,Ajuntament de Barcelona,Biblioteques de Barcelona,Biblioteques de Barcelona,Lletres,41.399909399,2.129455802
2024,Visites,Biblioteca Collserola - Josep Miracle,33404,,,05,Sarrià-Sant Gervasi,22,"Vallvidrera, el Tibidabo i les Planes",Ajuntament de Barcelona,Biblioteques de Barcelona,Biblioteques de Barcelona,Lletres,41.415359022,2.1025287
2024,Visites,Biblioteca Sant Gervasi - Joan Maragall,198286,,,05,Sarrià-Sant Gervasi,25,Sant Gervasi - la Bonanova,Ajuntament de Barcelona,Biblioteques de Barcelona,Biblioteques de Barcelona,Lletres,41.4059495,2.136064
